,loader,video,time,num_frames,lib_version
0,tv_videoreader_frames,RATRACE_wave_f_nm_np1_fr_goo_37.avi,0.04034004507120699,72,0.8.0a0+d4aca28
1,tv_videoreader_pts,RATRACE_wave_f_nm_np1_fr_goo_37.avi,0.019281095638871194,72,0.8.0a0+d4aca28
2,tv_videoreader_frames,TrumanShow_wave_f_nm_np1_fr_med_26.avi,0.02135808498132974,48,0.8.0a0+d4aca28
3,tv_videoreader_pts,TrumanShow_wave_f_nm_np1_fr_med_26.avi,0.015019933762960135,48,0.8.0a0+d4aca28
4,tv_videoreader_frames,SchoolRulesHowTheyHelpUs_wave_f_nm_np1_ba_med_0.avi,0.030842269561253487,74,0.8.0a0+d4aca28
5,tv_videoreader_pts,SchoolRulesHowTheyHelpUs_wave_f_nm_np1_ba_med_0.avi,0.013412689324468374,74,0.8.0a0+d4aca28
6,tv_videoreader_frames,v_SoccerJuggling_g24_c01.avi,0.06930779251269996,251,0.8.0a0+d4aca28
7,tv_videoreader_pts,v_SoccerJuggling_g24_c01.avi,0.025542040006257594,251,0.8.0a0+d4aca28
8,tv_videoreader_frames,v_SoccerJuggling_g23_c01.avi,0.0881237369729206,240,0.8.0a0+d4aca28
9,tv_videoreader_pts,v_SoccerJuggling_g23_c01.avi,0.04772473198827356,240,0.8.0a0+d4aca28
10,tv_videoreader_frames,RATRACE_wave_f_nm_np1_fr_goo_37.avi,0.04867149142082781,72,0.8.0a0+d4aca28
11,tv_videoreader_pts,RATRACE_wave_f_nm_np1_fr_goo_37.avi,0.02460866158362478,72,0.8.0a0+d4aca28
12,tv_videoreader_frames,TrumanShow_wave_f_nm_np1_fr_med_26.avi,0.021336238156072794,48,0.8.0a0+d4aca28
13,tv_videoreader_pts,TrumanShow_wave_f_nm_np1_fr_med_26.avi,0.01102426704019308,48,0.8.0a0+d4aca28
14,tv_videoreader_frames,SchoolRulesHowTheyHelpUs_wave_f_nm_np1_ba_med_0.avi,0.025306528666988015,74,0.8.0a0+d4aca28
15,tv_videoreader_pts,SchoolRulesHowTheyHelpUs_wave_f_nm_np1_ba_med_0.avi,0.012368820188567043,74,0.8.0a0+d4aca28
16,tv_videoreader_frames,v_SoccerJuggling_g24_c01.avi,0.10289126604329794,251,0.8.0a0+d4aca28
17,tv_videoreader_pts,v_SoccerJuggling_g24_c01.avi,0.0270370191661641,251,0.8.0a0+d4aca28
18,tv_videoreader_frames,v_SoccerJuggling_g23_c01.avi,0.08193310531787575,240,0.8.0a0+d4aca28
19,tv_videoreader_pts,v_SoccerJuggling_g23_c01.avi,0.03719516459386796,240,0.8.0a0+d4aca28
20,tv_videoreader_frames,RATRACE_wave_f_nm_np1_fr_goo_37.avi,0.046231086808256806,72,0.8.0a0+d4aca28
21,tv_videoreader_pts,RATRACE_wave_f_nm_np1_fr_goo_37.avi,0.02197359302081168,72,0.8.0a0+d4aca28
22,tv_videoreader_frames,TrumanShow_wave_f_nm_np1_fr_med_26.avi,0.02863567464519292,48,0.8.0a0+d4aca28
23,tv_videoreader_pts,TrumanShow_wave_f_nm_np1_fr_med_26.avi,0.011312428256496787,48,0.8.0a0+d4aca28
24,tv_videoreader_frames,SchoolRulesHowTheyHelpUs_wave_f_nm_np1_ba_med_0.avi,0.022960747499018906,74,0.8.0a0+d4aca28
25,tv_videoreader_pts,SchoolRulesHowTheyHelpUs_wave_f_nm_np1_ba_med_0.avi,0.013240978145040572,74,0.8.0a0+d4aca28
26,tv_videoreader_frames,v_SoccerJuggling_g24_c01.avi,0.06854726690798998,251,0.8.0a0+d4aca28
27,tv_videoreader_pts,v_SoccerJuggling_g24_c01.avi,0.027864060760475696,251,0.8.0a0+d4aca28
28,tv_videoreader_frames,v_SoccerJuggling_g23_c01.avi,0.08818440407048911,240,0.8.0a0+d4aca28
29,tv_videoreader_pts,v_SoccerJuggling_g23_c01.avi,0.036264999932609496,240,0.8.0a0+d4aca28
30,tv_videoreader_frames,RATRACE_wave_f_nm_np1_fr_goo_37.avi,0.0397866940824315,72,0.8.0a0+d4aca28
31,tv_videoreader_pts,RATRACE_wave_f_nm_np1_fr_goo_37.avi,0.0203982122708112,72,0.8.0a0+d4aca28
32,tv_videoreader_frames,TrumanShow_wave_f_nm_np1_fr_med_26.avi,0.026949700829572976,48,0.8.0a0+d4aca28
33,tv_videoreader_pts,TrumanShow_wave_f_nm_np1_fr_med_26.avi,0.013414600258693099,48,0.8.0a0+d4aca28
34,tv_videoreader_frames,SchoolRulesHowTheyHelpUs_wave_f_nm_np1_ba_med_0.avi,0.02641357381362468,74,0.8.0a0+d4aca28
35,tv_videoreader_pts,SchoolRulesHowTheyHelpUs_wave_f_nm_np1_ba_med_0.avi,0.013789816875942051,74,0.8.0a0+d4aca28
36,tv_videoreader_frames,v_SoccerJuggling_g24_c01.avi,0.07014849269762635,251,0.8.0a0+d4aca28
37,tv_videoreader_pts,v_SoccerJuggling_g24_c01.avi,0.028456105780787767,251,0.8.0a0+d4aca28
38,tv_videoreader_frames,v_SoccerJuggling_g23_c01.avi,0.09494352480396628,240,0.8.0a0+d4aca28
39,tv_videoreader_pts,v_SoccerJuggling_g23_c01.avi,0.044638571026735005,240,0.8.0a0+d4aca28
40,tv_videoreader_frames,RATRACE_wave_f_nm_np1_fr_goo_37.avi,0.038448026054538786,72,0.8.0a0+d4aca28
41,tv_videoreader_pts,RATRACE_wave_f_nm_np1_fr_goo_37.avi,0.019317581108771263,72,0.8.0a0+d4aca28
42,tv_videoreader_frames,TrumanShow_wave_f_nm_np1_fr_med_26.avi,0.020985796162858606,48,0.8.0a0+d4aca28
43,tv_videoreader_pts,TrumanShow_wave_f_nm_np1_fr_med_26.avi,0.011581902718171477,48,0.8.0a0+d4aca28
44,tv_videoreader_frames,SchoolRulesHowTheyHelpUs_wave_f_nm_np1_ba_med_0.avi,0.024472118378616868,74,0.8.0a0+d4aca28
45,tv_videoreader_pts,SchoolRulesHowTheyHelpUs_wave_f_nm_np1_ba_med_0.avi,0.017154501099139453,74,0.8.0a0+d4aca28
46,tv_videoreader_frames,v_SoccerJuggling_g24_c01.avi,0.09093129052780569,251,0.8.0a0+d4aca28
47,tv_videoreader_pts,v_SoccerJuggling_g24_c01.avi,0.03392063970677554,251,0.8.0a0+d4aca28
48,tv_videoreader_frames,v_SoccerJuggling_g23_c01.avi,0.09401406820397824,240,0.8.0a0+d4aca28
49,tv_videoreader_pts,v_SoccerJuggling_g23_c01.avi,0.03659319262951612,240,0.8.0a0+d4aca28
50,tv_videoreader_frames,RATRACE_wave_f_nm_np1_fr_goo_37.avi,0.04851601219270378,72,0.8.0a0+d4aca28
51,tv_videoreader_pts,RATRACE_wave_f_nm_np1_fr_goo_37.avi,0.019600515393540262,72,0.8.0a0+d4aca28
52,tv_videoreader_frames,TrumanShow_wave_f_nm_np1_fr_med_26.avi,0.02577272152993828,48,0.8.0a0+d4aca28
53,tv_videoreader_pts,TrumanShow_wave_f_nm_np1_fr_med_26.avi,0.013842078042216599,48,0.8.0a0+d4aca28
54,tv_videoreader_frames,SchoolRulesHowTheyHelpUs_wave_f_nm_np1_ba_med_0.avi,0.03227264913730323,74,0.8.0a0+d4aca28
55,tv_videoreader_pts,SchoolRulesHowTheyHelpUs_wave_f_nm_np1_ba_med_0.avi,0.017938142851926388,74,0.8.0a0+d4aca28
56,tv_videoreader_frames,v_SoccerJuggling_g24_c01.avi,0.07283891658298672,251,0.8.0a0+d4aca28
57,tv_videoreader_pts,v_SoccerJuggling_g24_c01.avi,0.04132065915036946,251,0.8.0a0+d4aca28
58,tv_videoreader_frames,v_SoccerJuggling_g23_c01.avi,0.08056466511916369,240,0.8.0a0+d4aca28
59,tv_videoreader_pts,v_SoccerJuggling_g23_c01.avi,0.03519519935362041,240,0.8.0a0+d4aca28
60,tv_videoreader_frames,RATRACE_wave_f_nm_np1_fr_goo_37.avi,0.035223678383044896,72,0.8.0a0+d4aca28
61,tv_videoreader_pts,RATRACE_wave_f_nm_np1_fr_goo_37.avi,0.017688945215195418,72,0.8.0a0+d4aca28
62,tv_videoreader_frames,TrumanShow_wave_f_nm_np1_fr_med_26.avi,0.02356996312737465,48,0.8.0a0+d4aca28
63,tv_videoreader_pts,TrumanShow_wave_f_nm_np1_fr_med_26.avi,0.011118758423253893,48,0.8.0a0+d4aca28
64,tv_videoreader_frames,SchoolRulesHowTheyHelpUs_wave_f_nm_np1_ba_med_0.avi,0.030150669696740805,74,0.8.0a0+d4aca28
65,tv_videoreader_pts,SchoolRulesHowTheyHelpUs_wave_f_nm_np1_ba_med_0.avi,0.013403729442507029,74,0.8.0a0+d4aca28
66,tv_videoreader_frames,v_SoccerJuggling_g24_c01.avi,0.06736272724810988,251,0.8.0a0+d4aca28
67,tv_videoreader_pts,v_SoccerJuggling_g24_c01.avi,0.026730854623019697,251,0.8.0a0+d4aca28
68,tv_videoreader_frames,v_SoccerJuggling_g23_c01.avi,0.08321070680394768,240,0.8.0a0+d4aca28
69,tv_videoreader_pts,v_SoccerJuggling_g23_c01.avi,0.03268965964671224,240,0.8.0a0+d4aca28
70,tv_videoreader_frames,RATRACE_wave_f_nm_np1_fr_goo_37.avi,0.0362639817642048,72,0.8.0a0+d4aca28
71,tv_videoreader_pts,RATRACE_wave_f_nm_np1_fr_goo_37.avi,0.019065623683854938,72,0.8.0a0+d4aca28
72,tv_videoreader_frames,TrumanShow_wave_f_nm_np1_fr_med_26.avi,0.026217607618309557,48,0.8.0a0+d4aca28
73,tv_videoreader_pts,TrumanShow_wave_f_nm_np1_fr_med_26.avi,0.012081578630022705,48,0.8.0a0+d4aca28
74,tv_videoreader_frames,SchoolRulesHowTheyHelpUs_wave_f_nm_np1_ba_med_0.avi,0.02614951953291893,74,0.8.0a0+d4aca28
75,tv_videoreader_pts,SchoolRulesHowTheyHelpUs_wave_f_nm_np1_ba_med_0.avi,0.016531358286738396,74,0.8.0a0+d4aca28
76,tv_videoreader_frames,v_SoccerJuggling_g24_c01.avi,0.08388694864697754,251,0.8.0a0+d4aca28
77,tv_videoreader_pts,v_SoccerJuggling_g24_c01.avi,0.04203660429921001,251,0.8.0a0+d4aca28
78,tv_videoreader_frames,v_SoccerJuggling_g23_c01.avi,0.069453742983751,240,0.8.0a0+d4aca28
79,tv_videoreader_pts,v_SoccerJuggling_g23_c01.avi,0.03469693968072533,240,0.8.0a0+d4aca28
80,tv_videoreader_frames,RATRACE_wave_f_nm_np1_fr_goo_37.avi,0.056960333767347035,72,0.8.0a0+d4aca28
81,tv_videoreader_pts,RATRACE_wave_f_nm_np1_fr_goo_37.avi,0.019570413534529506,72,0.8.0a0+d4aca28
82,tv_videoreader_frames,TrumanShow_wave_f_nm_np1_fr_med_26.avi,0.02946220450103283,48,0.8.0a0+d4aca28
83,tv_videoreader_pts,TrumanShow_wave_f_nm_np1_fr_med_26.avi,0.013738049496896564,48,0.8.0a0+d4aca28
84,tv_videoreader_frames,SchoolRulesHowTheyHelpUs_wave_f_nm_np1_ba_med_0.avi,0.028947399510070682,74,0.8.0a0+d4aca28
85,tv_videoreader_pts,SchoolRulesHowTheyHelpUs_wave_f_nm_np1_ba_med_0.avi,0.014355908054858446,74,0.8.0a0+d4aca28
86,tv_videoreader_frames,v_SoccerJuggling_g24_c01.avi,0.08961702808737755,251,0.8.0a0+d4aca28
87,tv_videoreader_pts,v_SoccerJuggling_g24_c01.avi,0.03773075898643583,251,0.8.0a0+d4aca28
88,tv_videoreader_frames,v_SoccerJuggling_g23_c01.avi,0.09761431403458118,240,0.8.0a0+d4aca28
89,tv_videoreader_pts,v_SoccerJuggling_g23_c01.avi,0.03429450697731227,240,0.8.0a0+d4aca28
90,tv_videoreader_frames,RATRACE_wave_f_nm_np1_fr_goo_37.avi,0.058376500965096056,72,0.8.0a0+d4aca28
91,tv_videoreader_pts,RATRACE_wave_f_nm_np1_fr_goo_37.avi,0.019937780359759925,72,0.8.0a0+d4aca28
92,tv_videoreader_frames,TrumanShow_wave_f_nm_np1_fr_med_26.avi,0.025309143029153346,48,0.8.0a0+d4aca28
93,tv_videoreader_pts,TrumanShow_wave_f_nm_np1_fr_med_26.avi,0.01429378625471145,48,0.8.0a0+d4aca28
94,tv_videoreader_frames,SchoolRulesHowTheyHelpUs_wave_f_nm_np1_ba_med_0.avi,0.06465514211449772,74,0.8.0a0+d4aca28
95,tv_videoreader_pts,SchoolRulesHowTheyHelpUs_wave_f_nm_np1_ba_med_0.avi,0.016709758597426117,74,0.8.0a0+d4aca28
96,tv_videoreader_frames,v_SoccerJuggling_g24_c01.avi,0.07618092657066881,251,0.8.0a0+d4aca28
97,tv_videoreader_pts,v_SoccerJuggling_g24_c01.avi,0.028522148984484373,251,0.8.0a0+d4aca28
98,tv_videoreader_frames,v_SoccerJuggling_g23_c01.avi,0.07581340128090233,240,0.8.0a0+d4aca28
99,tv_videoreader_pts,v_SoccerJuggling_g23_c01.avi,0.033239719644188884,240,0.8.0a0+d4aca28
100,tv_videoreader_frames,RATRACE_wave_f_nm_np1_fr_goo_37.avi,0.04293859526515007,72,0.8.0a0+d4aca28
101,tv_videoreader_pts,RATRACE_wave_f_nm_np1_fr_goo_37.avi,0.0203131910180673,72,0.8.0a0+d4aca28
102,tv_videoreader_frames,TrumanShow_wave_f_nm_np1_fr_med_26.avi,0.029297145502641796,48,0.8.0a0+d4aca28
103,tv_videoreader_pts,TrumanShow_wave_f_nm_np1_fr_med_26.avi,0.014731315267272293,48,0.8.0a0+d4aca28
104,tv_videoreader_frames,SchoolRulesHowTheyHelpUs_wave_f_nm_np1_ba_med_0.avi,0.03529753098264336,74,0.8.0a0+d4aca28
105,tv_videoreader_pts,SchoolRulesHowTheyHelpUs_wave_f_nm_np1_ba_med_0.avi,0.014494242076762021,74,0.8.0a0+d4aca28
106,tv_videoreader_frames,v_SoccerJuggling_g24_c01.avi,0.07333776224404573,251,0.8.0a0+d4aca28
107,tv_videoreader_pts,v_SoccerJuggling_g24_c01.avi,0.0280449136858806,251,0.8.0a0+d4aca28
108,tv_videoreader_frames,v_SoccerJuggling_g23_c01.avi,0.09394289553165436,240,0.8.0a0+d4aca28
109,tv_videoreader_pts,v_SoccerJuggling_g23_c01.avi,0.03644216447137296,240,0.8.0a0+d4aca28
110,tv_videoreader_frames,RATRACE_wave_f_nm_np1_fr_goo_37.avi,0.039479105290956794,72,0.8.0a0+d4aca28
111,tv_videoreader_pts,RATRACE_wave_f_nm_np1_fr_goo_37.avi,0.02061076576355845,72,0.8.0a0+d4aca28
112,tv_videoreader_frames,TrumanShow_wave_f_nm_np1_fr_med_26.avi,0.02642629712354392,48,0.8.0a0+d4aca28
113,tv_videoreader_pts,TrumanShow_wave_f_nm_np1_fr_med_26.avi,0.013182993442751468,48,0.8.0a0+d4aca28
114,tv_videoreader_frames,SchoolRulesHowTheyHelpUs_wave_f_nm_np1_ba_med_0.avi,0.026911379350349308,74,0.8.0a0+d4aca28
115,tv_videoreader_pts,SchoolRulesHowTheyHelpUs_wave_f_nm_np1_ba_med_0.avi,0.013871696055866778,74,0.8.0a0+d4aca28
116,tv_videoreader_frames,v_SoccerJuggling_g24_c01.avi,0.09250149007420987,251,0.8.0a0+d4aca28
117,tv_videoreader_pts,v_SoccerJuggling_g24_c01.avi,0.02979327926877886,251,0.8.0a0+d4aca28
118,tv_videoreader_frames,v_SoccerJuggling_g23_c01.avi,0.08297274683136494,240,0.8.0a0+d4aca28
119,tv_videoreader_pts,v_SoccerJuggling_g23_c01.avi,0.03456267612054944,240,0.8.0a0+d4aca28
120,tv_videoreader_frames,RATRACE_wave_f_nm_np1_fr_goo_37.avi,0.041639922722242775,72,0.8.0a0+d4aca28
121,tv_videoreader_pts,RATRACE_wave_f_nm_np1_fr_goo_37.avi,0.02267218567430973,72,0.8.0a0+d4aca28
122,tv_videoreader_frames,TrumanShow_wave_f_nm_np1_fr_med_26.avi,0.021512515586800875,48,0.8.0a0+d4aca28
123,tv_videoreader_pts,TrumanShow_wave_f_nm_np1_fr_med_26.avi,0.011743413540534675,48,0.8.0a0+d4aca28
124,tv_videoreader_frames,SchoolRulesHowTheyHelpUs_wave_f_nm_np1_ba_med_0.avi,0.03185554728843272,74,0.8.0a0+d4aca28
125,tv_videoreader_pts,SchoolRulesHowTheyHelpUs_wave_f_nm_np1_ba_med_0.avi,0.01420456301420927,74,0.8.0a0+d4aca28
126,tv_videoreader_frames,v_SoccerJuggling_g24_c01.avi,0.077975669875741,251,0.8.0a0+d4aca28
127,tv_videoreader_pts,v_SoccerJuggling_g24_c01.avi,0.02782705067656934,251,0.8.0a0+d4aca28
128,tv_videoreader_frames,v_SoccerJuggling_g23_c01.avi,0.08313400300685317,240,0.8.0a0+d4aca28
129,tv_videoreader_pts,v_SoccerJuggling_g23_c01.avi,0.03794887806288898,240,0.8.0a0+d4aca28
130,tv_videoreader_frames,RATRACE_wave_f_nm_np1_fr_goo_37.avi,0.05022357767447829,72,0.8.0a0+d4aca28
131,tv_videoreader_pts,RATRACE_wave_f_nm_np1_fr_goo_37.avi,0.022715788218192756,72,0.8.0a0+d4aca28
132,tv_videoreader_frames,TrumanShow_wave_f_nm_np1_fr_med_26.avi,0.02881922433152795,48,0.8.0a0+d4aca28
133,tv_videoreader_pts,TrumanShow_wave_f_nm_np1_fr_med_26.avi,0.016873445454984905,48,0.8.0a0+d4aca28
134,tv_videoreader_frames,SchoolRulesHowTheyHelpUs_wave_f_nm_np1_ba_med_0.avi,0.03385638627223671,74,0.8.0a0+d4aca28
135,tv_videoreader_pts,SchoolRulesHowTheyHelpUs_wave_f_nm_np1_ba_med_0.avi,0.013186803529970348,74,0.8.0a0+d4aca28
136,tv_videoreader_frames,v_SoccerJuggling_g24_c01.avi,0.08563426260370761,251,0.8.0a0+d4aca28
137,tv_videoreader_pts,v_SoccerJuggling_g24_c01.avi,0.026552235055714846,251,0.8.0a0+d4aca28
138,tv_videoreader_frames,v_SoccerJuggling_g23_c01.avi,0.0750137068098411,240,0.8.0a0+d4aca28
139,tv_videoreader_pts,v_SoccerJuggling_g23_c01.avi,0.040259998315013944,240,0.8.0a0+d4aca28
140,tv_videoreader_frames,RATRACE_wave_f_nm_np1_fr_goo_37.avi,0.04667991532478481,72,0.8.0a0+d4aca28
141,tv_videoreader_pts,RATRACE_wave_f_nm_np1_fr_goo_37.avi,0.02135784993879497,72,0.8.0a0+d4aca28
142,tv_videoreader_frames,TrumanShow_wave_f_nm_np1_fr_med_26.avi,0.031072594085708262,48,0.8.0a0+d4aca28
143,tv_videoreader_pts,TrumanShow_wave_f_nm_np1_fr_med_26.avi,0.01376407672651112,48,0.8.0a0+d4aca28
144,tv_videoreader_frames,SchoolRulesHowTheyHelpUs_wave_f_nm_np1_ba_med_0.avi,0.029447988839820027,74,0.8.0a0+d4aca28
145,tv_videoreader_pts,SchoolRulesHowTheyHelpUs_wave_f_nm_np1_ba_med_0.avi,0.012855491181835533,74,0.8.0a0+d4aca28
146,tv_videoreader_frames,v_SoccerJuggling_g24_c01.avi,0.08721818148624153,251,0.8.0a0+d4aca28
147,tv_videoreader_pts,v_SoccerJuggling_g24_c01.avi,0.030797024653293193,251,0.8.0a0+d4aca28
148,tv_videoreader_frames,v_SoccerJuggling_g23_c01.avi,0.07840624942909927,240,0.8.0a0+d4aca28
149,tv_videoreader_pts,v_SoccerJuggling_g23_c01.avi,0.0367470845580101,240,0.8.0a0+d4aca28
150,tv_videoreader_frames,RATRACE_wave_f_nm_np1_fr_goo_37.avi,0.03590591514948756,72,0.8.0a0+d4aca28
151,tv_videoreader_pts,RATRACE_wave_f_nm_np1_fr_goo_37.avi,0.019636325049214066,72,0.8.0a0+d4aca28
152,tv_videoreader_frames,TrumanShow_wave_f_nm_np1_fr_med_26.avi,0.019864812912419438,48,0.8.0a0+d4aca28
153,tv_videoreader_pts,TrumanShow_wave_f_nm_np1_fr_med_26.avi,0.01151124427560717,48,0.8.0a0+d4aca28
154,tv_videoreader_frames,SchoolRulesHowTheyHelpUs_wave_f_nm_np1_ba_med_0.avi,0.022595829237252472,74,0.8.0a0+d4aca28
155,tv_videoreader_pts,SchoolRulesHowTheyHelpUs_wave_f_nm_np1_ba_med_0.avi,0.013923326879739762,74,0.8.0a0+d4aca28
156,tv_videoreader_frames,v_SoccerJuggling_g24_c01.avi,0.06370412076357752,251,0.8.0a0+d4aca28
157,tv_videoreader_pts,v_SoccerJuggling_g24_c01.avi,0.025190426432527602,251,0.8.0a0+d4aca28
158,tv_videoreader_frames,v_SoccerJuggling_g23_c01.avi,0.06656645608600228,240,0.8.0a0+d4aca28
159,tv_videoreader_pts,v_SoccerJuggling_g23_c01.avi,0.03131987552624196,240,0.8.0a0+d4aca28
160,tv_videoreader_frames,RATRACE_wave_f_nm_np1_fr_goo_37.avi,0.031737006409093736,72,0.8.0a0+d4aca28
161,tv_videoreader_pts,RATRACE_wave_f_nm_np1_fr_goo_37.avi,0.018125615059398116,72,0.8.0a0+d4aca28
162,tv_videoreader_frames,TrumanShow_wave_f_nm_np1_fr_med_26.avi,0.017735825292766093,48,0.8.0a0+d4aca28
163,tv_videoreader_pts,TrumanShow_wave_f_nm_np1_fr_med_26.avi,0.010041203559376299,48,0.8.0a0+d4aca28
164,tv_videoreader_frames,SchoolRulesHowTheyHelpUs_wave_f_nm_np1_ba_med_0.avi,0.021226062695495783,74,0.8.0a0+d4aca28
165,tv_videoreader_pts,SchoolRulesHowTheyHelpUs_wave_f_nm_np1_ba_med_0.avi,0.011144704464823008,74,0.8.0a0+d4aca28
166,tv_videoreader_frames,v_SoccerJuggling_g24_c01.avi,0.056618239567615095,251,0.8.0a0+d4aca28
167,tv_videoreader_pts,v_SoccerJuggling_g24_c01.avi,0.021638338966295124,251,0.8.0a0+d4aca28
168,tv_videoreader_frames,v_SoccerJuggling_g23_c01.avi,0.06590792015194893,240,0.8.0a0+d4aca28
169,tv_videoreader_pts,v_SoccerJuggling_g23_c01.avi,0.027004351606592536,240,0.8.0a0+d4aca28
170,tv_videoreader_frames,RATRACE_wave_f_nm_np1_fr_goo_37.avi,0.030462308134883643,72,0.8.0a0+d4aca28
171,tv_videoreader_pts,RATRACE_wave_f_nm_np1_fr_goo_37.avi,0.016393644246272744,72,0.8.0a0+d4aca28
172,tv_videoreader_frames,TrumanShow_wave_f_nm_np1_fr_med_26.avi,0.017374636279419063,48,0.8.0a0+d4aca28
173,tv_videoreader_pts,TrumanShow_wave_f_nm_np1_fr_med_26.avi,0.009790458483621478,48,0.8.0a0+d4aca28
174,tv_videoreader_frames,SchoolRulesHowTheyHelpUs_wave_f_nm_np1_ba_med_0.avi,0.020029885624535382,74,0.8.0a0+d4aca28
175,tv_videoreader_pts,SchoolRulesHowTheyHelpUs_wave_f_nm_np1_ba_med_0.avi,0.011006635706871748,74,0.8.0a0+d4aca28
176,tv_videoreader_frames,v_SoccerJuggling_g24_c01.avi,0.05718828912358731,251,0.8.0a0+d4aca28
177,tv_videoreader_pts,v_SoccerJuggling_g24_c01.avi,0.023751168232411145,251,0.8.0a0+d4aca28
178,tv_videoreader_frames,v_SoccerJuggling_g23_c01.avi,0.06125977821648121,240,0.8.0a0+d4aca28
179,tv_videoreader_pts,v_SoccerJuggling_g23_c01.avi,0.038398968824185434,240,0.8.0a0+d4aca28
180,tv_videoreader_frames,RATRACE_wave_f_nm_np1_fr_goo_37.avi,0.04844828627537936,72,0.8.0a0+d4aca28
181,tv_videoreader_pts,RATRACE_wave_f_nm_np1_fr_goo_37.avi,0.01567604565061629,72,0.8.0a0+d4aca28
182,tv_videoreader_frames,TrumanShow_wave_f_nm_np1_fr_med_26.avi,0.01594031273853034,48,0.8.0a0+d4aca28
183,tv_videoreader_pts,TrumanShow_wave_f_nm_np1_fr_med_26.avi,0.008780781808309258,48,0.8.0a0+d4aca28
184,tv_videoreader_frames,SchoolRulesHowTheyHelpUs_wave_f_nm_np1_ba_med_0.avi,0.017568614170886575,74,0.8.0a0+d4aca28
185,tv_videoreader_pts,SchoolRulesHowTheyHelpUs_wave_f_nm_np1_ba_med_0.avi,0.009878079313784838,74,0.8.0a0+d4aca28
186,tv_videoreader_frames,v_SoccerJuggling_g24_c01.avi,0.04842620813287794,251,0.8.0a0+d4aca28
187,tv_videoreader_pts,v_SoccerJuggling_g24_c01.avi,0.023040951788425447,251,0.8.0a0+d4aca28
188,tv_videoreader_frames,v_SoccerJuggling_g23_c01.avi,0.06287823470775038,240,0.8.0a0+d4aca28
189,tv_videoreader_pts,v_SoccerJuggling_g23_c01.avi,0.02795166289433837,240,0.8.0a0+d4aca28
190,tv_videoreader_frames,RATRACE_wave_f_nm_np1_fr_goo_37.avi,0.03032815249171108,72,0.8.0a0+d4aca28
191,tv_videoreader_pts,RATRACE_wave_f_nm_np1_fr_goo_37.avi,0.016546042053960264,72,0.8.0a0+d4aca28
192,tv_videoreader_frames,TrumanShow_wave_f_nm_np1_fr_med_26.avi,0.01782190944068134,48,0.8.0a0+d4aca28
193,tv_videoreader_pts,TrumanShow_wave_f_nm_np1_fr_med_26.avi,0.009719519107602537,48,0.8.0a0+d4aca28
194,tv_videoreader_frames,SchoolRulesHowTheyHelpUs_wave_f_nm_np1_ba_med_0.avi,0.019655887642875312,74,0.8.0a0+d4aca28
195,tv_videoreader_pts,SchoolRulesHowTheyHelpUs_wave_f_nm_np1_ba_med_0.avi,0.010892450623214246,74,0.8.0a0+d4aca28
196,tv_videoreader_frames,v_SoccerJuggling_g24_c01.avi,0.054636556678451596,251,0.8.0a0+d4aca28
197,tv_videoreader_pts,v_SoccerJuggling_g24_c01.avi,0.02309843134135008,251,0.8.0a0+d4aca28
198,tv_videoreader_frames,v_SoccerJuggling_g23_c01.avi,0.06055613828357309,240,0.8.0a0+d4aca28
199,tv_videoreader_pts,v_SoccerJuggling_g23_c01.avi,0.026863537007011475,240,0.8.0a0+d4aca28
200,tv_videoreader_frames,RATRACE_wave_f_nm_np1_fr_goo_37.avi,0.029678509570658207,72,0.8.0a0+d4aca28
201,tv_videoreader_pts,RATRACE_wave_f_nm_np1_fr_goo_37.avi,0.016485753166489304,72,0.8.0a0+d4aca28
202,tv_videoreader_frames,TrumanShow_wave_f_nm_np1_fr_med_26.avi,0.01488639481831342,48,0.8.0a0+d4aca28
203,tv_videoreader_pts,TrumanShow_wave_f_nm_np1_fr_med_26.avi,0.00895005303900689,48,0.8.0a0+d4aca28
204,tv_videoreader_frames,SchoolRulesHowTheyHelpUs_wave_f_nm_np1_ba_med_0.avi,0.016839132108725608,74,0.8.0a0+d4aca28
205,tv_videoreader_pts,SchoolRulesHowTheyHelpUs_wave_f_nm_np1_ba_med_0.avi,0.010611408110707998,74,0.8.0a0+d4aca28
206,tv_videoreader_frames,v_SoccerJuggling_g24_c01.avi,0.04770359343383461,251,0.8.0a0+d4aca28
207,tv_videoreader_pts,v_SoccerJuggling_g24_c01.avi,0.021619409043341874,251,0.8.0a0+d4aca28
208,tv_videoreader_frames,v_SoccerJuggling_g23_c01.avi,0.061659475602209565,240,0.8.0a0+d4aca28
209,tv_videoreader_pts,v_SoccerJuggling_g23_c01.avi,0.02903314062859863,240,0.8.0a0+d4aca28
210,tv_videoreader_frames,RATRACE_wave_f_nm_np1_fr_goo_37.avi,0.030457539227791132,72,0.8.0a0+d4aca28
211,tv_videoreader_pts,RATRACE_wave_f_nm_np1_fr_goo_37.avi,0.01694117677398026,72,0.8.0a0+d4aca28
212,tv_videoreader_frames,TrumanShow_wave_f_nm_np1_fr_med_26.avi,0.014914138219319284,48,0.8.0a0+d4aca28
213,tv_videoreader_pts,TrumanShow_wave_f_nm_np1_fr_med_26.avi,0.009083562321029604,48,0.8.0a0+d4aca28
214,tv_videoreader_frames,SchoolRulesHowTheyHelpUs_wave_f_nm_np1_ba_med_0.avi,0.016787708085030318,74,0.8.0a0+d4aca28
215,tv_videoreader_pts,SchoolRulesHowTheyHelpUs_wave_f_nm_np1_ba_med_0.avi,0.010461252648383379,74,0.8.0a0+d4aca28
216,tv_videoreader_frames,v_SoccerJuggling_g24_c01.avi,0.05171451596543193,251,0.8.0a0+d4aca28
217,tv_videoreader_pts,v_SoccerJuggling_g24_c01.avi,0.0216522597707808,251,0.8.0a0+d4aca28
218,tv_videoreader_frames,v_SoccerJuggling_g23_c01.avi,0.055732712731696665,240,0.8.0a0+d4aca28
219,tv_videoreader_pts,v_SoccerJuggling_g23_c01.avi,0.027511456282809377,240,0.8.0a0+d4aca28
220,tv_videoreader_frames,RATRACE_wave_f_nm_np1_fr_goo_37.avi,0.028205620893277227,72,0.8.0a0+d4aca28
221,tv_videoreader_pts,RATRACE_wave_f_nm_np1_fr_goo_37.avi,0.016033124504610897,72,0.8.0a0+d4aca28
222,tv_videoreader_frames,TrumanShow_wave_f_nm_np1_fr_med_26.avi,0.01790352517273277,48,0.8.0a0+d4aca28
223,tv_videoreader_pts,TrumanShow_wave_f_nm_np1_fr_med_26.avi,0.009702444123104215,48,0.8.0a0+d4aca28
224,tv_videoreader_frames,SchoolRulesHowTheyHelpUs_wave_f_nm_np1_ba_med_0.avi,0.018463630066253244,74,0.8.0a0+d4aca28
225,tv_videoreader_pts,SchoolRulesHowTheyHelpUs_wave_f_nm_np1_ba_med_0.avi,0.011695803166367114,74,0.8.0a0+d4aca28
226,tv_videoreader_frames,v_SoccerJuggling_g24_c01.avi,0.05311850486323237,251,0.8.0a0+d4aca28
227,tv_videoreader_pts,v_SoccerJuggling_g24_c01.avi,0.02435321032535285,251,0.8.0a0+d4aca28
228,tv_videoreader_frames,v_SoccerJuggling_g23_c01.avi,0.06131471178960055,240,0.8.0a0+d4aca28
229,tv_videoreader_pts,v_SoccerJuggling_g23_c01.avi,0.026725309970788657,240,0.8.0a0+d4aca28
230,tv_videoreader_frames,RATRACE_wave_f_nm_np1_fr_goo_37.avi,0.030008668173104526,72,0.8.0a0+d4aca28
231,tv_videoreader_pts,RATRACE_wave_f_nm_np1_fr_goo_37.avi,0.01645275338087231,72,0.8.0a0+d4aca28
232,tv_videoreader_frames,TrumanShow_wave_f_nm_np1_fr_med_26.avi,0.01518335344735533,48,0.8.0a0+d4aca28
233,tv_videoreader_pts,TrumanShow_wave_f_nm_np1_fr_med_26.avi,0.008785205334424973,48,0.8.0a0+d4aca28
234,tv_videoreader_frames,SchoolRulesHowTheyHelpUs_wave_f_nm_np1_ba_med_0.avi,0.018309747381135822,74,0.8.0a0+d4aca28
235,tv_videoreader_pts,SchoolRulesHowTheyHelpUs_wave_f_nm_np1_ba_med_0.avi,0.010492086876183748,74,0.8.0a0+d4aca28
236,tv_videoreader_frames,v_SoccerJuggling_g24_c01.avi,0.05375422718934715,251,0.8.0a0+d4aca28
237,tv_videoreader_pts,v_SoccerJuggling_g24_c01.avi,0.021450156928040087,251,0.8.0a0+d4aca28
238,tv_videoreader_frames,v_SoccerJuggling_g23_c01.avi,0.06354724478442222,240,0.8.0a0+d4aca28
239,tv_videoreader_pts,v_SoccerJuggling_g23_c01.avi,0.026610352424904705,240,0.8.0a0+d4aca28
240,tv_videoreader_frames,RATRACE_wave_f_nm_np1_fr_goo_37.avi,0.028062798408791424,72,0.8.0a0+d4aca28
241,tv_videoreader_pts,RATRACE_wave_f_nm_np1_fr_goo_37.avi,0.01630222573876381,72,0.8.0a0+d4aca28
242,tv_videoreader_frames,TrumanShow_wave_f_nm_np1_fr_med_26.avi,0.017172220884822308,48,0.8.0a0+d4aca28
243,tv_videoreader_pts,TrumanShow_wave_f_nm_np1_fr_med_26.avi,0.009365490125492214,48,0.8.0a0+d4aca28
244,tv_videoreader_frames,SchoolRulesHowTheyHelpUs_wave_f_nm_np1_ba_med_0.avi,0.01981353482697159,74,0.8.0a0+d4aca28
245,tv_videoreader_pts,SchoolRulesHowTheyHelpUs_wave_f_nm_np1_ba_med_0.avi,0.01082920078188181,74,0.8.0a0+d4aca28
246,tv_videoreader_frames,v_SoccerJuggling_g24_c01.avi,0.052790629724040625,251,0.8.0a0+d4aca28
247,tv_videoreader_pts,v_SoccerJuggling_g24_c01.avi,0.020471447217278182,251,0.8.0a0+d4aca28
248,tv_videoreader_frames,v_SoccerJuggling_g23_c01.avi,0.06292774907778949,240,0.8.0a0+d4aca28
249,tv_videoreader_pts,v_SoccerJuggling_g23_c01.avi,0.026107604592107238,240,0.8.0a0+d4aca28
250,tv_videoreader_frames,RATRACE_wave_f_nm_np1_fr_goo_37.avi,0.026029888400807978,72,0.8.0a0+d4aca28
251,tv_videoreader_pts,RATRACE_wave_f_nm_np1_fr_goo_37.avi,0.014681211509741842,72,0.8.0a0+d4aca28
252,tv_videoreader_frames,TrumanShow_wave_f_nm_np1_fr_med_26.avi,0.01655109291896224,48,0.8.0a0+d4aca28
253,tv_videoreader_pts,TrumanShow_wave_f_nm_np1_fr_med_26.avi,0.009569206763990224,48,0.8.0a0+d4aca28
254,tv_videoreader_frames,SchoolRulesHowTheyHelpUs_wave_f_nm_np1_ba_med_0.avi,0.019747446314431726,74,0.8.0a0+d4aca28
255,tv_videoreader_pts,SchoolRulesHowTheyHelpUs_wave_f_nm_np1_ba_med_0.avi,0.010857659508474171,74,0.8.0a0+d4aca28
256,tv_videoreader_frames,v_SoccerJuggling_g24_c01.avi,0.05356041183695197,251,0.8.0a0+d4aca28
257,tv_videoreader_pts,v_SoccerJuggling_g24_c01.avi,0.022881564777344467,251,0.8.0a0+d4aca28
258,tv_videoreader_frames,v_SoccerJuggling_g23_c01.avi,0.05883361687883735,240,0.8.0a0+d4aca28
259,tv_videoreader_pts,v_SoccerJuggling_g23_c01.avi,0.027176307723857464,240,0.8.0a0+d4aca28
260,tv_videoreader_frames,RATRACE_wave_f_nm_np1_fr_goo_37.avi,0.029074220568872988,72,0.8.0a0+d4aca28
261,tv_videoreader_pts,RATRACE_wave_f_nm_np1_fr_goo_37.avi,0.017286583269014954,72,0.8.0a0+d4aca28
262,tv_videoreader_frames,TrumanShow_wave_f_nm_np1_fr_med_26.avi,0.016912080952897666,48,0.8.0a0+d4aca28
263,tv_videoreader_pts,TrumanShow_wave_f_nm_np1_fr_med_26.avi,0.009564009285531938,48,0.8.0a0+d4aca28
264,tv_videoreader_frames,SchoolRulesHowTheyHelpUs_wave_f_nm_np1_ba_med_0.avi,0.017855810327455403,74,0.8.0a0+d4aca28
265,tv_videoreader_pts,SchoolRulesHowTheyHelpUs_wave_f_nm_np1_ba_med_0.avi,0.011360797961242498,74,0.8.0a0+d4aca28
266,tv_videoreader_frames,v_SoccerJuggling_g24_c01.avi,0.05308181520085782,251,0.8.0a0+d4aca28
267,tv_videoreader_pts,v_SoccerJuggling_g24_c01.avi,0.021445641387254,251,0.8.0a0+d4aca28
268,tv_videoreader_frames,v_SoccerJuggling_g23_c01.avi,0.061501749930903314,240,0.8.0a0+d4aca28
269,tv_videoreader_pts,v_SoccerJuggling_g23_c01.avi,0.026110957283526658,240,0.8.0a0+d4aca28
270,tv_videoreader_frames,RATRACE_wave_f_nm_np1_fr_goo_37.avi,0.029546764120459555,72,0.8.0a0+d4aca28
271,tv_videoreader_pts,RATRACE_wave_f_nm_np1_fr_goo_37.avi,0.016296615125611424,72,0.8.0a0+d4aca28
272,tv_videoreader_frames,TrumanShow_wave_f_nm_np1_fr_med_26.avi,0.01597409467212856,48,0.8.0a0+d4aca28
273,tv_videoreader_pts,TrumanShow_wave_f_nm_np1_fr_med_26.avi,0.009248508280143142,48,0.8.0a0+d4aca28
274,tv_videoreader_frames,SchoolRulesHowTheyHelpUs_wave_f_nm_np1_ba_med_0.avi,0.019407880445942282,74,0.8.0a0+d4aca28
275,tv_videoreader_pts,SchoolRulesHowTheyHelpUs_wave_f_nm_np1_ba_med_0.avi,0.014580196677707135,74,0.8.0a0+d4aca28
276,tv_videoreader_frames,v_SoccerJuggling_g24_c01.avi,0.08018806192558259,251,0.8.0a0+d4aca28
277,tv_videoreader_pts,v_SoccerJuggling_g24_c01.avi,0.030685448693111537,251,0.8.0a0+d4aca28
278,tv_videoreader_frames,v_SoccerJuggling_g23_c01.avi,0.08341731193941086,240,0.8.0a0+d4aca28
279,tv_videoreader_pts,v_SoccerJuggling_g23_c01.avi,0.030097109056077896,240,0.8.0a0+d4aca28
280,tv_videoreader_frames,RATRACE_wave_f_nm_np1_fr_goo_37.avi,0.036830180301330985,72,0.8.0a0+d4aca28
281,tv_videoreader_pts,RATRACE_wave_f_nm_np1_fr_goo_37.avi,0.01865042527206242,72,0.8.0a0+d4aca28
282,tv_videoreader_frames,TrumanShow_wave_f_nm_np1_fr_med_26.avi,0.021952486643567682,48,0.8.0a0+d4aca28
283,tv_videoreader_pts,TrumanShow_wave_f_nm_np1_fr_med_26.avi,0.013846998009830714,48,0.8.0a0+d4aca28
284,tv_videoreader_frames,SchoolRulesHowTheyHelpUs_wave_f_nm_np1_ba_med_0.avi,0.023909224011003972,74,0.8.0a0+d4aca28
285,tv_videoreader_pts,SchoolRulesHowTheyHelpUs_wave_f_nm_np1_ba_med_0.avi,0.012916878680698574,74,0.8.0a0+d4aca28
286,tv_videoreader_frames,v_SoccerJuggling_g24_c01.avi,0.08401080130133778,251,0.8.0a0+d4aca28
287,tv_videoreader_pts,v_SoccerJuggling_g24_c01.avi,0.04292959761805833,251,0.8.0a0+d4aca28
288,tv_videoreader_frames,v_SoccerJuggling_g23_c01.avi,0.08826410882174969,240,0.8.0a0+d4aca28
289,tv_videoreader_pts,v_SoccerJuggling_g23_c01.avi,0.06897737781982868,240,0.8.0a0+d4aca28
290,tv_videoreader_frames,RATRACE_wave_f_nm_np1_fr_goo_37.avi,0.03533895791042596,72,0.8.0a0+d4aca28
291,tv_videoreader_pts,RATRACE_wave_f_nm_np1_fr_goo_37.avi,0.01786055995617062,72,0.8.0a0+d4aca28
292,tv_videoreader_frames,TrumanShow_wave_f_nm_np1_fr_med_26.avi,0.018148788483813405,48,0.8.0a0+d4aca28
293,tv_videoreader_pts,TrumanShow_wave_f_nm_np1_fr_med_26.avi,0.010049204365350306,48,0.8.0a0+d4aca28
294,tv_videoreader_frames,SchoolRulesHowTheyHelpUs_wave_f_nm_np1_ba_med_0.avi,0.019728945358656345,74,0.8.0a0+d4aca28
295,tv_videoreader_pts,SchoolRulesHowTheyHelpUs_wave_f_nm_np1_ba_med_0.avi,0.010659649036824703,74,0.8.0a0+d4aca28
296,tv_videoreader_frames,v_SoccerJuggling_g24_c01.avi,0.05319688594900072,251,0.8.0a0+d4aca28
297,tv_videoreader_pts,v_SoccerJuggling_g24_c01.avi,0.021897778031416237,251,0.8.0a0+d4aca28
298,tv_videoreader_frames,v_SoccerJuggling_g23_c01.avi,0.06381121021695435,240,0.8.0a0+d4aca28
299,tv_videoreader_pts,v_SoccerJuggling_g23_c01.avi,0.02959712678566575,240,0.8.0a0+d4aca28
300,tv_videoreader_frames,RATRACE_wave_f_nm_np1_fr_goo_37.avi,0.030572521174326538,72,0.8.0a0+d4aca28
301,tv_videoreader_pts,RATRACE_wave_f_nm_np1_fr_goo_37.avi,0.016528960689902304,72,0.8.0a0+d4aca28
302,tv_videoreader_frames,TrumanShow_wave_f_nm_np1_fr_med_26.avi,0.018075517914257943,48,0.8.0a0+d4aca28
303,tv_videoreader_pts,TrumanShow_wave_f_nm_np1_fr_med_26.avi,0.010204731998965145,48,0.8.0a0+d4aca28
304,tv_videoreader_frames,SchoolRulesHowTheyHelpUs_wave_f_nm_np1_ba_med_0.avi,0.021439144504256546,74,0.8.0a0+d4aca28
305,tv_videoreader_pts,SchoolRulesHowTheyHelpUs_wave_f_nm_np1_ba_med_0.avi,0.010615087393671275,74,0.8.0a0+d4aca28
306,tv_videoreader_frames,v_SoccerJuggling_g24_c01.avi,0.05742947591934353,251,0.8.0a0+d4aca28
307,tv_videoreader_pts,v_SoccerJuggling_g24_c01.avi,0.02273775713983923,251,0.8.0a0+d4aca28
308,tv_videoreader_frames,v_SoccerJuggling_g23_c01.avi,0.0561984192347154,240,0.8.0a0+d4aca28
309,tv_videoreader_pts,v_SoccerJuggling_g23_c01.avi,0.02584498720243573,240,0.8.0a0+d4aca28
310,tv_videoreader_frames,RATRACE_wave_f_nm_np1_fr_goo_37.avi,0.030532243358902634,72,0.8.0a0+d4aca28
311,tv_videoreader_pts,RATRACE_wave_f_nm_np1_fr_goo_37.avi,0.015024771331809461,72,0.8.0a0+d4aca28
312,tv_videoreader_frames,TrumanShow_wave_f_nm_np1_fr_med_26.avi,0.015361179830506444,48,0.8.0a0+d4aca28
313,tv_videoreader_pts,TrumanShow_wave_f_nm_np1_fr_med_26.avi,0.00872844671830535,48,0.8.0a0+d4aca28
314,tv_videoreader_frames,SchoolRulesHowTheyHelpUs_wave_f_nm_np1_ba_med_0.avi,0.017556241294369102,74,0.8.0a0+d4aca28
315,tv_videoreader_pts,SchoolRulesHowTheyHelpUs_wave_f_nm_np1_ba_med_0.avi,0.009886280191130936,74,0.8.0a0+d4aca28
316,tv_videoreader_frames,v_SoccerJuggling_g24_c01.avi,0.047923481091856956,251,0.8.0a0+d4aca28
317,tv_videoreader_pts,v_SoccerJuggling_g24_c01.avi,0.020658817864023148,251,0.8.0a0+d4aca28
318,tv_videoreader_frames,v_SoccerJuggling_g23_c01.avi,0.05270813093520701,240,0.8.0a0+d4aca28
319,tv_videoreader_pts,v_SoccerJuggling_g23_c01.avi,0.02617379177827388,240,0.8.0a0+d4aca28
320,tv_videoreader_frames,RATRACE_wave_f_nm_np1_fr_goo_37.avi,0.028399812360294163,72,0.8.0a0+d4aca28
321,tv_videoreader_pts,RATRACE_wave_f_nm_np1_fr_goo_37.avi,0.0159937659278512,72,0.8.0a0+d4aca28
322,tv_videoreader_frames,TrumanShow_wave_f_nm_np1_fr_med_26.avi,0.014569019922055304,48,0.8.0a0+d4aca28
323,tv_videoreader_pts,TrumanShow_wave_f_nm_np1_fr_med_26.avi,0.008818613574840128,48,0.8.0a0+d4aca28
324,tv_videoreader_frames,SchoolRulesHowTheyHelpUs_wave_f_nm_np1_ba_med_0.avi,0.016641041776165367,74,0.8.0a0+d4aca28
325,tv_videoreader_pts,SchoolRulesHowTheyHelpUs_wave_f_nm_np1_ba_med_0.avi,0.010034481319598854,74,0.8.0a0+d4aca28
326,tv_videoreader_frames,v_SoccerJuggling_g24_c01.avi,0.046680948138237,251,0.8.0a0+d4aca28
327,tv_videoreader_pts,v_SoccerJuggling_g24_c01.avi,0.02236975939013064,251,0.8.0a0+d4aca28
328,tv_videoreader_frames,v_SoccerJuggling_g23_c01.avi,0.05606589540839195,240,0.8.0a0+d4aca28
329,tv_videoreader_pts,v_SoccerJuggling_g23_c01.avi,0.028415240929462016,240,0.8.0a0+d4aca28
330,tv_videoreader_frames,RATRACE_wave_f_nm_np1_fr_goo_37.avi,0.02604950745590031,72,0.8.0a0+d4aca28
331,tv_videoreader_pts,RATRACE_wave_f_nm_np1_fr_goo_37.avi,0.014838525583036244,72,0.8.0a0+d4aca28
332,tv_videoreader_frames,TrumanShow_wave_f_nm_np1_fr_med_26.avi,0.016315014520660042,48,0.8.0a0+d4aca28
333,tv_videoreader_pts,TrumanShow_wave_f_nm_np1_fr_med_26.avi,0.009279163274914026,48,0.8.0a0+d4aca28
334,tv_videoreader_frames,SchoolRulesHowTheyHelpUs_wave_f_nm_np1_ba_med_0.avi,0.017271888605318964,74,0.8.0a0+d4aca28
335,tv_videoreader_pts,SchoolRulesHowTheyHelpUs_wave_f_nm_np1_ba_med_0.avi,0.01033870792016387,74,0.8.0a0+d4aca28
336,tv_videoreader_frames,v_SoccerJuggling_g24_c01.avi,0.05363864472601563,251,0.8.0a0+d4aca28
337,tv_videoreader_pts,v_SoccerJuggling_g24_c01.avi,0.022071694931946696,251,0.8.0a0+d4aca28
338,tv_videoreader_frames,v_SoccerJuggling_g23_c01.avi,0.053302530804648994,240,0.8.0a0+d4aca28
339,tv_videoreader_pts,v_SoccerJuggling_g23_c01.avi,0.028456101496703922,240,0.8.0a0+d4aca28
340,tv_videoreader_frames,RATRACE_wave_f_nm_np1_fr_goo_37.avi,0.025878208782523872,72,0.8.0a0+d4aca28
341,tv_videoreader_pts,RATRACE_wave_f_nm_np1_fr_goo_37.avi,0.014526086836121976,72,0.8.0a0+d4aca28
342,tv_videoreader_frames,TrumanShow_wave_f_nm_np1_fr_med_26.avi,0.017499811970628797,48,0.8.0a0+d4aca28
343,tv_videoreader_pts,TrumanShow_wave_f_nm_np1_fr_med_26.avi,0.00972655254881829,48,0.8.0a0+d4aca28
344,tv_videoreader_frames,SchoolRulesHowTheyHelpUs_wave_f_nm_np1_ba_med_0.avi,0.01738854923751205,74,0.8.0a0+d4aca28
345,tv_videoreader_pts,SchoolRulesHowTheyHelpUs_wave_f_nm_np1_ba_med_0.avi,0.010980592458508909,74,0.8.0a0+d4aca28
346,tv_videoreader_frames,v_SoccerJuggling_g24_c01.avi,0.05334434793330729,251,0.8.0a0+d4aca28
347,tv_videoreader_pts,v_SoccerJuggling_g24_c01.avi,0.02292400090955198,251,0.8.0a0+d4aca28
348,tv_videoreader_frames,v_SoccerJuggling_g23_c01.avi,0.056927487067878244,240,0.8.0a0+d4aca28
349,tv_videoreader_pts,v_SoccerJuggling_g23_c01.avi,0.029314928012900053,240,0.8.0a0+d4aca28
350,tv_videoreader_frames,RATRACE_wave_f_nm_np1_fr_goo_37.avi,0.02896015897858888,72,0.8.0a0+d4aca28
351,tv_videoreader_pts,RATRACE_wave_f_nm_np1_fr_goo_37.avi,0.015952013875357808,72,0.8.0a0+d4aca28
352,tv_videoreader_frames,TrumanShow_wave_f_nm_np1_fr_med_26.avi,0.017176319472491743,48,0.8.0a0+d4aca28
353,tv_videoreader_pts,TrumanShow_wave_f_nm_np1_fr_med_26.avi,0.009471069253049792,48,0.8.0a0+d4aca28
354,tv_videoreader_frames,SchoolRulesHowTheyHelpUs_wave_f_nm_np1_ba_med_0.avi,0.017951259342953562,74,0.8.0a0+d4aca28
355,tv_videoreader_pts,SchoolRulesHowTheyHelpUs_wave_f_nm_np1_ba_med_0.avi,0.009635915886610747,74,0.8.0a0+d4aca28
356,tv_videoreader_frames,v_SoccerJuggling_g24_c01.avi,0.0466109132161364,251,0.8.0a0+d4aca28
357,tv_videoreader_pts,v_SoccerJuggling_g24_c01.avi,0.02195346625521779,251,0.8.0a0+d4aca28
358,tv_videoreader_frames,v_SoccerJuggling_g23_c01.avi,0.05877942203078419,240,0.8.0a0+d4aca28
359,tv_videoreader_pts,v_SoccerJuggling_g23_c01.avi,0.027634206344373524,240,0.8.0a0+d4aca28
360,tv_videoreader_frames,RATRACE_wave_f_nm_np1_fr_goo_37.avi,0.029508501873351634,72,0.8.0a0+d4aca28
361,tv_videoreader_pts,RATRACE_wave_f_nm_np1_fr_goo_37.avi,0.01514508416876197,72,0.8.0a0+d4aca28
362,tv_videoreader_frames,TrumanShow_wave_f_nm_np1_fr_med_26.avi,0.016427680756896733,48,0.8.0a0+d4aca28
363,tv_videoreader_pts,TrumanShow_wave_f_nm_np1_fr_med_26.avi,0.009120225859805941,48,0.8.0a0+d4aca28
364,tv_videoreader_frames,SchoolRulesHowTheyHelpUs_wave_f_nm_np1_ba_med_0.avi,0.017188114137388764,74,0.8.0a0+d4aca28
365,tv_videoreader_pts,SchoolRulesHowTheyHelpUs_wave_f_nm_np1_ba_med_0.avi,0.00960287912748754,74,0.8.0a0+d4aca28
366,tv_videoreader_frames,v_SoccerJuggling_g24_c01.avi,0.05509458500891924,251,0.8.0a0+d4aca28
367,tv_videoreader_pts,v_SoccerJuggling_g24_c01.avi,0.021993841393850744,251,0.8.0a0+d4aca28
368,tv_videoreader_frames,v_SoccerJuggling_g23_c01.avi,0.05991181063000113,240,0.8.0a0+d4aca28
369,tv_videoreader_pts,v_SoccerJuggling_g23_c01.avi,0.02804574933834374,240,0.8.0a0+d4aca28
370,tv_videoreader_frames,RATRACE_wave_f_nm_np1_fr_goo_37.avi,0.027922358829528093,72,0.8.0a0+d4aca28
371,tv_videoreader_pts,RATRACE_wave_f_nm_np1_fr_goo_37.avi,0.01590148757677525,72,0.8.0a0+d4aca28
372,tv_videoreader_frames,TrumanShow_wave_f_nm_np1_fr_med_26.avi,0.01740997810848057,48,0.8.0a0+d4aca28
373,tv_videoreader_pts,TrumanShow_wave_f_nm_np1_fr_med_26.avi,0.009519070968963206,48,0.8.0a0+d4aca28
374,tv_videoreader_frames,SchoolRulesHowTheyHelpUs_wave_f_nm_np1_ba_med_0.avi,0.018064756598323583,74,0.8.0a0+d4aca28
375,tv_videoreader_pts,SchoolRulesHowTheyHelpUs_wave_f_nm_np1_ba_med_0.avi,0.010788262099958956,74,0.8.0a0+d4aca28
376,tv_videoreader_frames,v_SoccerJuggling_g24_c01.avi,0.05355450576171279,251,0.8.0a0+d4aca28
377,tv_videoreader_pts,v_SoccerJuggling_g24_c01.avi,0.022599702305160462,251,0.8.0a0+d4aca28
378,tv_videoreader_frames,v_SoccerJuggling_g23_c01.avi,0.058533838880248365,240,0.8.0a0+d4aca28
379,tv_videoreader_pts,v_SoccerJuggling_g23_c01.avi,0.02769289545249194,240,0.8.0a0+d4aca28
380,tv_videoreader_frames,RATRACE_wave_f_nm_np1_fr_goo_37.avi,0.028520233789458872,72,0.8.0a0+d4aca28
381,tv_videoreader_pts,RATRACE_wave_f_nm_np1_fr_goo_37.avi,0.014456370612606406,72,0.8.0a0+d4aca28
382,tv_videoreader_frames,TrumanShow_wave_f_nm_np1_fr_med_26.avi,0.01656119483523071,48,0.8.0a0+d4aca28
383,tv_videoreader_pts,TrumanShow_wave_f_nm_np1_fr_med_26.avi,0.009923256072215735,48,0.8.0a0+d4aca28
384,tv_videoreader_frames,SchoolRulesHowTheyHelpUs_wave_f_nm_np1_ba_med_0.avi,0.018526951689273118,74,0.8.0a0+d4aca28
385,tv_videoreader_pts,SchoolRulesHowTheyHelpUs_wave_f_nm_np1_ba_med_0.avi,0.011198990256525576,74,0.8.0a0+d4aca28
386,tv_videoreader_frames,v_SoccerJuggling_g24_c01.avi,0.05252244891598821,251,0.8.0a0+d4aca28
387,tv_videoreader_pts,v_SoccerJuggling_g24_c01.avi,0.02358573069795966,251,0.8.0a0+d4aca28
388,tv_videoreader_frames,v_SoccerJuggling_g23_c01.avi,0.05751029325183481,240,0.8.0a0+d4aca28
389,tv_videoreader_pts,v_SoccerJuggling_g23_c01.avi,0.02973050279542804,240,0.8.0a0+d4aca28
390,tv_videoreader_frames,RATRACE_wave_f_nm_np1_fr_goo_37.avi,0.028501615347340702,72,0.8.0a0+d4aca28
391,tv_videoreader_pts,RATRACE_wave_f_nm_np1_fr_goo_37.avi,0.016975704836659132,72,0.8.0a0+d4aca28
392,tv_videoreader_frames,TrumanShow_wave_f_nm_np1_fr_med_26.avi,0.016291847778484227,48,0.8.0a0+d4aca28
393,tv_videoreader_pts,TrumanShow_wave_f_nm_np1_fr_med_26.avi,0.009915617783553899,48,0.8.0a0+d4aca28
394,tv_videoreader_frames,SchoolRulesHowTheyHelpUs_wave_f_nm_np1_ba_med_0.avi,0.018517203675583006,74,0.8.0a0+d4aca28
395,tv_videoreader_pts,SchoolRulesHowTheyHelpUs_wave_f_nm_np1_ba_med_0.avi,0.01112240795046091,74,0.8.0a0+d4aca28
396,tv_videoreader_frames,v_SoccerJuggling_g24_c01.avi,0.05174610577523708,251,0.8.0a0+d4aca28
397,tv_videoreader_pts,v_SoccerJuggling_g24_c01.avi,0.02298983938526362,251,0.8.0a0+d4aca28
398,tv_videoreader_frames,v_SoccerJuggling_g23_c01.avi,0.05628508960362524,240,0.8.0a0+d4aca28
399,tv_videoreader_pts,v_SoccerJuggling_g23_c01.avi,0.029876154172234236,240,0.8.0a0+d4aca28
