,decoder,video,time,num_frames,num_threads,codec
0,pyav,WUzgd7C1pWA.mp4,0.17380838748067617,1,1,original
1,tv_newapi,WUzgd7C1pWA.mp4,0.18608952034264803,1,1,original
2,decord,WUzgd7C1pWA.mp4,0.034715414978563786,1,1,original
3,torchaudio,WUzgd7C1pWA.mp4,0.2628600727766752,1,1,original
4,pyav,WUzgd7C1pWA.mp4,0.17735610995441675,5,1,original
5,tv_newapi,WUzgd7C1pWA.mp4,0.18829458393156528,5,1,original
6,decord,WUzgd7C1pWA.mp4,0.034694256260991096,5,1,original
7,torchaudio,WUzgd7C1pWA.mp4,0.26683135982602835,5,1,original
8,pyav,WUzgd7C1pWA.mp4,0.1883058398962021,10,1,original
9,tv_newapi,WUzgd7C1pWA.mp4,0.1980189299210906,10,1,original
10,decord,WUzgd7C1pWA.mp4,0.036113851703703403,10,1,original
11,torchaudio,WUzgd7C1pWA.mp4,0.27718090545386076,10,1,original
12,pyav,TrumanShow_wave_f_nm_np1_fr_med_26.avi,0.0012532463297247887,1,1,original
13,tv_newapi,TrumanShow_wave_f_nm_np1_fr_med_26.avi,0.0018541980534791946,1,1,original
14,decord,TrumanShow_wave_f_nm_np1_fr_med_26.avi,0.0074378084391355515,1,1,original
15,torchaudio,TrumanShow_wave_f_nm_np1_fr_med_26.avi,0.0035377833992242813,1,1,original
16,pyav,TrumanShow_wave_f_nm_np1_fr_med_26.avi,0.003138401545584202,5,1,original
17,tv_newapi,TrumanShow_wave_f_nm_np1_fr_med_26.avi,0.0030980557203292847,5,1,original
18,decord,TrumanShow_wave_f_nm_np1_fr_med_26.avi,0.010880852118134499,5,1,original
19,torchaudio,TrumanShow_wave_f_nm_np1_fr_med_26.avi,0.006875264458358288,5,1,original
20,pyav,TrumanShow_wave_f_nm_np1_fr_med_26.avi,0.005578361451625824,10,1,original
21,tv_newapi,TrumanShow_wave_f_nm_np1_fr_med_26.avi,0.004801386967301369,10,1,original
22,decord,TrumanShow_wave_f_nm_np1_fr_med_26.avi,0.01356004923582077,10,1,original
23,torchaudio,TrumanShow_wave_f_nm_np1_fr_med_26.avi,0.010315485298633575,10,1,original
24,pyav,v_SoccerJuggling_g24_c01.avi,0.002261214889585972,1,1,original
25,tv_newapi,v_SoccerJuggling_g24_c01.avi,0.0021940618753433228,1,1,original
26,decord,v_SoccerJuggling_g24_c01.avi,0.006640119478106499,1,1,original
27,torchaudio,v_SoccerJuggling_g24_c01.avi,0.041191911324858665,1,1,original
28,pyav,v_SoccerJuggling_g24_c01.avi,0.004323254339396954,5,1,original
29,tv_newapi,v_SoccerJuggling_g24_c01.avi,0.0032621482387185097,5,1,original
30,decord,v_SoccerJuggling_g24_c01.avi,0.008319875225424767,5,1,original
31,torchaudio,v_SoccerJuggling_g24_c01.avi,0.043526558205485344,5,1,original
32,pyav,v_SoccerJuggling_g24_c01.avi,0.006815250031650066,10,1,original
33,tv_newapi,v_SoccerJuggling_g24_c01.avi,0.004793656058609486,10,1,original
34,decord,v_SoccerJuggling_g24_c01.avi,0.010653434321284294,10,1,original
35,torchaudio,v_SoccerJuggling_g24_c01.avi,0.047646510414779186,10,1,original
36,pyav,R6llTwEh07w.mp4,0.2425010809674859,1,1,original
37,tv_newapi,R6llTwEh07w.mp4,0.2560822106897831,1,1,original
38,decord,R6llTwEh07w.mp4,0.04590855538845062,1,1,original
39,torchaudio,R6llTwEh07w.mp4,0.3613095721229911,1,1,original
40,pyav,R6llTwEh07w.mp4,0.25299627520143986,5,1,original
41,tv_newapi,R6llTwEh07w.mp4,0.2630674997344613,5,1,original
42,decord,R6llTwEh07w.mp4,0.042037537321448326,5,1,original
43,torchaudio,R6llTwEh07w.mp4,0.3690486568957567,5,1,original
44,pyav,R6llTwEh07w.mp4,0.25409428868442774,10,1,original
45,tv_newapi,R6llTwEh07w.mp4,0.26919336151331663,10,1,original
46,decord,R6llTwEh07w.mp4,0.04651473183184862,10,1,original
47,torchaudio,R6llTwEh07w.mp4,0.38816431257873774,10,1,original
48,pyav,SOX5yA1l24A.mp4,0.028998159803450108,1,1,original
49,tv_newapi,SOX5yA1l24A.mp4,0.034207030199468136,1,1,original
50,decord,SOX5yA1l24A.mp4,0.012178919278085232,1,1,original
51,torchaudio,SOX5yA1l24A.mp4,0.1578225940465927,1,1,original
52,pyav,SOX5yA1l24A.mp4,0.0348574360832572,5,1,original
53,tv_newapi,SOX5yA1l24A.mp4,0.039160458371043205,5,1,original
54,decord,SOX5yA1l24A.mp4,0.016502591781318188,5,1,original
55,torchaudio,SOX5yA1l24A.mp4,0.16599628794938326,5,1,original
56,pyav,SOX5yA1l24A.mp4,0.041824265383183956,10,1,original
57,tv_newapi,SOX5yA1l24A.mp4,0.04546673223376274,10,1,original
58,decord,SOX5yA1l24A.mp4,0.0199795039370656,10,1,original
59,torchaudio,SOX5yA1l24A.mp4,0.17536846827715635,10,1,original
60,pyav,v_SoccerJuggling_g23_c01.avi,0.002650565467774868,1,1,original
61,tv_newapi,v_SoccerJuggling_g23_c01.avi,0.0022296924144029617,1,1,original
62,decord,v_SoccerJuggling_g23_c01.avi,0.006621146574616432,1,1,original
63,torchaudio,v_SoccerJuggling_g23_c01.avi,0.02922495361417532,1,1,original
64,pyav,v_SoccerJuggling_g23_c01.avi,0.005235282704234123,5,1,original
65,tv_newapi,v_SoccerJuggling_g23_c01.avi,0.0038810446858406067,5,1,original
66,decord,v_SoccerJuggling_g23_c01.avi,0.008328215219080448,5,1,original
67,torchaudio,v_SoccerJuggling_g23_c01.avi,0.031026173382997513,5,1,original
68,pyav,v_SoccerJuggling_g23_c01.avi,0.008458915166556835,10,1,original
69,tv_newapi,v_SoccerJuggling_g23_c01.avi,0.006040903739631176,10,1,original
70,decord,v_SoccerJuggling_g23_c01.avi,0.010265552438795567,10,1,original
71,torchaudio,v_SoccerJuggling_g23_c01.avi,0.03522920981049538,10,1,original
72,pyav,SchoolRulesHowTheyHelpUs_wave_f_nm_np1_ba_med_0.avi,0.003942144103348255,1,1,original
73,tv_newapi,SchoolRulesHowTheyHelpUs_wave_f_nm_np1_ba_med_0.avi,0.005167876370251179,1,1,original
74,decord,SchoolRulesHowTheyHelpUs_wave_f_nm_np1_ba_med_0.avi,0.008559263311326504,1,1,original
75,torchaudio,SchoolRulesHowTheyHelpUs_wave_f_nm_np1_ba_med_0.avi,0.011747670359909534,1,1,original
76,pyav,SchoolRulesHowTheyHelpUs_wave_f_nm_np1_ba_med_0.avi,0.005781777203083038,5,1,original
77,tv_newapi,SchoolRulesHowTheyHelpUs_wave_f_nm_np1_ba_med_0.avi,0.006320398300886154,5,1,original
78,decord,SchoolRulesHowTheyHelpUs_wave_f_nm_np1_ba_med_0.avi,0.009631647728383541,5,1,original
79,torchaudio,SchoolRulesHowTheyHelpUs_wave_f_nm_np1_ba_med_0.avi,0.014071970246732235,5,1,original
80,pyav,SchoolRulesHowTheyHelpUs_wave_f_nm_np1_ba_med_0.avi,0.008057452738285065,10,1,original
81,tv_newapi,SchoolRulesHowTheyHelpUs_wave_f_nm_np1_ba_med_0.avi,0.008172022178769112,10,1,original
82,decord,SchoolRulesHowTheyHelpUs_wave_f_nm_np1_ba_med_0.avi,0.010741915553808212,10,1,original
83,torchaudio,SchoolRulesHowTheyHelpUs_wave_f_nm_np1_ba_med_0.avi,0.01701019424945116,10,1,original
84,pyav,RATRACE_wave_f_nm_np1_fr_goo_37.avi,0.005907498300075531,1,1,original
85,tv_newapi,RATRACE_wave_f_nm_np1_fr_goo_37.avi,0.0076593998819589615,1,1,original
86,decord,RATRACE_wave_f_nm_np1_fr_goo_37.avi,0.013019478879868984,1,1,original
87,torchaudio,RATRACE_wave_f_nm_np1_fr_goo_37.avi,0.017710882239043713,1,1,original
88,pyav,RATRACE_wave_f_nm_np1_fr_goo_37.avi,0.008404863998293877,5,1,original
89,tv_newapi,RATRACE_wave_f_nm_np1_fr_goo_37.avi,0.009316237643361092,5,1,original
90,decord,RATRACE_wave_f_nm_np1_fr_goo_37.avi,0.01506009604781866,5,1,original
91,torchaudio,RATRACE_wave_f_nm_np1_fr_goo_37.avi,0.021580507047474384,5,1,original
92,pyav,RATRACE_wave_f_nm_np1_fr_goo_37.avi,0.01162414625287056,10,1,original
93,tv_newapi,RATRACE_wave_f_nm_np1_fr_goo_37.avi,0.011976385489106178,10,1,original
94,decord,RATRACE_wave_f_nm_np1_fr_goo_37.avi,0.018850261345505714,10,1,original
95,torchaudio,RATRACE_wave_f_nm_np1_fr_goo_37.avi,0.026566212996840477,10,1,original
96,pyav,WUzgd7C1pWA.mp4,0.22487412299960852,1,4,original
97,tv_newapi,WUzgd7C1pWA.mp4,0.11064277775585651,1,4,original
98,decord,WUzgd7C1pWA.mp4,0.08406221121549606,1,4,original
99,torchaudio,WUzgd7C1pWA.mp4,0.3429388524964452,1,4,original
100,pyav,WUzgd7C1pWA.mp4,0.23235360067337751,5,4,original
101,tv_newapi,WUzgd7C1pWA.mp4,0.12720692064613104,5,4,original
102,decord,WUzgd7C1pWA.mp4,0.0868898881599307,5,4,original
103,torchaudio,WUzgd7C1pWA.mp4,0.35129264183342457,5,4,original
104,pyav,WUzgd7C1pWA.mp4,0.24062448181211948,10,4,original
105,tv_newapi,WUzgd7C1pWA.mp4,0.13414881099015474,10,4,original
106,decord,WUzgd7C1pWA.mp4,0.0886901468038559,10,4,original
107,torchaudio,WUzgd7C1pWA.mp4,0.3602142669260502,10,4,original
108,pyav,TrumanShow_wave_f_nm_np1_fr_med_26.avi,0.0012540165334939957,1,4,original
109,tv_newapi,TrumanShow_wave_f_nm_np1_fr_med_26.avi,0.0038180695846676826,1,4,original
110,decord,TrumanShow_wave_f_nm_np1_fr_med_26.avi,0.007614120841026306,1,4,original
111,torchaudio,TrumanShow_wave_f_nm_np1_fr_med_26.avi,0.0035780472680926323,1,4,original
112,pyav,TrumanShow_wave_f_nm_np1_fr_med_26.avi,0.0031443415209650993,5,4,original
113,tv_newapi,TrumanShow_wave_f_nm_np1_fr_med_26.avi,0.005652747116982937,5,4,original
114,decord,TrumanShow_wave_f_nm_np1_fr_med_26.avi,0.010682512074708939,5,4,original
115,torchaudio,TrumanShow_wave_f_nm_np1_fr_med_26.avi,0.006571473553776741,5,4,original
116,pyav,TrumanShow_wave_f_nm_np1_fr_med_26.avi,0.0056869834661483765,10,4,original
117,tv_newapi,TrumanShow_wave_f_nm_np1_fr_med_26.avi,0.007723597809672356,10,4,original
118,decord,TrumanShow_wave_f_nm_np1_fr_med_26.avi,0.015581374987959862,10,4,original
119,torchaudio,TrumanShow_wave_f_nm_np1_fr_med_26.avi,0.010275755077600479,10,4,original
120,pyav,v_SoccerJuggling_g24_c01.avi,0.0022026831284165382,1,4,original
121,tv_newapi,v_SoccerJuggling_g24_c01.avi,0.00376944150775671,1,4,original
122,decord,v_SoccerJuggling_g24_c01.avi,0.0061492957174777985,1,4,original
123,torchaudio,v_SoccerJuggling_g24_c01.avi,0.05526995286345482,1,4,original
124,pyav,v_SoccerJuggling_g24_c01.avi,0.004166784696280956,5,4,original
125,tv_newapi,v_SoccerJuggling_g24_c01.avi,0.005150051787495613,5,4,original
126,decord,v_SoccerJuggling_g24_c01.avi,0.00820416584610939,5,4,original
127,torchaudio,v_SoccerJuggling_g24_c01.avi,0.058278802782297134,5,4,original
128,pyav,v_SoccerJuggling_g24_c01.avi,0.006861026398837566,10,4,original
129,tv_newapi,v_SoccerJuggling_g24_c01.avi,0.00677585881203413,10,4,original
130,decord,v_SoccerJuggling_g24_c01.avi,0.010340842418372631,10,4,original
131,torchaudio,v_SoccerJuggling_g24_c01.avi,0.06221516337245703,10,4,original
132,pyav,R6llTwEh07w.mp4,0.06648841034621,1,4,original
133,tv_newapi,R6llTwEh07w.mp4,0.04566202126443386,1,4,original
134,decord,R6llTwEh07w.mp4,0.01654424238950014,1,4,original
135,torchaudio,R6llTwEh07w.mp4,0.10113826766610146,1,4,original
136,pyav,R6llTwEh07w.mp4,0.07312957663089037,5,4,original
137,tv_newapi,R6llTwEh07w.mp4,0.04264410771429539,5,4,original
138,decord,R6llTwEh07w.mp4,0.019008074887096882,5,4,original
139,torchaudio,R6llTwEh07w.mp4,0.10846485290676355,5,4,original
140,pyav,R6llTwEh07w.mp4,0.08104055933654308,10,4,original
141,tv_newapi,R6llTwEh07w.mp4,0.05358832981437445,10,4,original
142,decord,R6llTwEh07w.mp4,0.02328910306096077,10,4,original
143,torchaudio,R6llTwEh07w.mp4,0.11815333273261786,10,4,original
144,pyav,SOX5yA1l24A.mp4,0.07019424438476562,1,4,original
145,tv_newapi,SOX5yA1l24A.mp4,0.045500608161091805,1,4,original
146,decord,SOX5yA1l24A.mp4,0.03625209257006645,1,4,original
147,torchaudio,SOX5yA1l24A.mp4,0.1902890307828784,1,4,original
148,pyav,SOX5yA1l24A.mp4,0.07558020949363708,5,4,original
149,tv_newapi,SOX5yA1l24A.mp4,0.05249700974673033,5,4,original
150,decord,SOX5yA1l24A.mp4,0.031049510464072227,5,4,original
151,torchaudio,SOX5yA1l24A.mp4,0.19680362846702337,5,4,original
152,pyav,SOX5yA1l24A.mp4,0.0822084816172719,10,4,original
153,tv_newapi,SOX5yA1l24A.mp4,0.046372259967029095,10,4,original
154,decord,SOX5yA1l24A.mp4,0.04242043383419514,10,4,original
155,torchaudio,SOX5yA1l24A.mp4,0.20653183199465275,10,4,original
156,pyav,v_SoccerJuggling_g23_c01.avi,0.0030052633956074715,1,4,original
157,tv_newapi,v_SoccerJuggling_g23_c01.avi,0.003516075201332569,1,4,original
158,decord,v_SoccerJuggling_g23_c01.avi,0.006687341257929802,1,4,original
159,torchaudio,v_SoccerJuggling_g23_c01.avi,0.06848586816340685,1,4,original
160,pyav,v_SoccerJuggling_g23_c01.avi,0.005535483360290527,5,4,original
161,tv_newapi,v_SoccerJuggling_g23_c01.avi,0.005648479796946049,5,4,original
162,decord,v_SoccerJuggling_g23_c01.avi,0.008384413085877895,5,4,original
163,torchaudio,v_SoccerJuggling_g23_c01.avi,0.07122031319886446,5,4,original
164,pyav,v_SoccerJuggling_g23_c01.avi,0.008663974702358246,10,4,original
165,tv_newapi,v_SoccerJuggling_g23_c01.avi,0.00726004783064127,10,4,original
166,decord,v_SoccerJuggling_g23_c01.avi,0.010558192618191242,10,4,original
167,torchaudio,v_SoccerJuggling_g23_c01.avi,0.0762288374826312,10,4,original
168,pyav,SchoolRulesHowTheyHelpUs_wave_f_nm_np1_ba_med_0.avi,0.003949436359107494,1,4,original
169,tv_newapi,SchoolRulesHowTheyHelpUs_wave_f_nm_np1_ba_med_0.avi,0.00935965683311224,1,4,original
170,decord,SchoolRulesHowTheyHelpUs_wave_f_nm_np1_ba_med_0.avi,0.008991530165076256,1,4,original
171,torchaudio,SchoolRulesHowTheyHelpUs_wave_f_nm_np1_ba_med_0.avi,0.012006753124296665,1,4,original
172,pyav,SchoolRulesHowTheyHelpUs_wave_f_nm_np1_ba_med_0.avi,0.00590210035443306,5,4,original
173,tv_newapi,SchoolRulesHowTheyHelpUs_wave_f_nm_np1_ba_med_0.avi,0.010949615389108658,5,4,original
174,decord,SchoolRulesHowTheyHelpUs_wave_f_nm_np1_ba_med_0.avi,0.010254761204123497,5,4,original
175,torchaudio,SchoolRulesHowTheyHelpUs_wave_f_nm_np1_ba_med_0.avi,0.014268888160586357,5,4,original
176,pyav,SchoolRulesHowTheyHelpUs_wave_f_nm_np1_ba_med_0.avi,0.008167875930666924,10,4,original
177,tv_newapi,SchoolRulesHowTheyHelpUs_wave_f_nm_np1_ba_med_0.avi,0.012987649999558926,10,4,original
178,decord,SchoolRulesHowTheyHelpUs_wave_f_nm_np1_ba_med_0.avi,0.011444737203419209,10,4,original
179,torchaudio,SchoolRulesHowTheyHelpUs_wave_f_nm_np1_ba_med_0.avi,0.01683924999088049,10,4,original
180,pyav,RATRACE_wave_f_nm_np1_fr_goo_37.avi,0.005902287550270557,1,4,original
181,tv_newapi,RATRACE_wave_f_nm_np1_fr_goo_37.avi,0.012535656802356243,1,4,original
182,decord,RATRACE_wave_f_nm_np1_fr_goo_37.avi,0.014276436530053616,1,4,original
183,torchaudio,RATRACE_wave_f_nm_np1_fr_goo_37.avi,0.017873361706733704,1,4,original
184,pyav,RATRACE_wave_f_nm_np1_fr_goo_37.avi,0.00846025999635458,5,4,original
185,tv_newapi,RATRACE_wave_f_nm_np1_fr_goo_37.avi,0.014841973781585693,5,4,original
186,decord,RATRACE_wave_f_nm_np1_fr_goo_37.avi,0.01657424494624138,5,4,original
187,torchaudio,RATRACE_wave_f_nm_np1_fr_goo_37.avi,0.021640057675540447,5,4,original
188,pyav,RATRACE_wave_f_nm_np1_fr_goo_37.avi,0.011579242534935474,10,4,original
189,tv_newapi,RATRACE_wave_f_nm_np1_fr_goo_37.avi,0.018699715845286846,10,4,original
190,decord,RATRACE_wave_f_nm_np1_fr_goo_37.avi,0.018503544852137566,10,4,original
191,torchaudio,RATRACE_wave_f_nm_np1_fr_goo_37.avi,0.026746883057057858,10,4,original
192,pyav,WUzgd7C1pWA.mp4,0.12149190530180931,1,8,original
193,tv_newapi,WUzgd7C1pWA.mp4,0.05517352186143398,1,8,original
194,decord,WUzgd7C1pWA.mp4,0.03342244494706392,1,8,original
195,torchaudio,WUzgd7C1pWA.mp4,0.18350758217275143,1,8,original
196,pyav,WUzgd7C1pWA.mp4,0.12804886139929295,5,8,original
197,tv_newapi,WUzgd7C1pWA.mp4,0.05493703577667475,5,8,original
198,decord,WUzgd7C1pWA.mp4,0.03623651433736086,5,8,original
199,torchaudio,WUzgd7C1pWA.mp4,0.18963970243930817,5,8,original
200,pyav,WUzgd7C1pWA.mp4,0.13949088379740715,10,8,original
201,tv_newapi,WUzgd7C1pWA.mp4,0.05396713223308325,10,8,original
202,decord,WUzgd7C1pWA.mp4,0.03779488615691662,10,8,original
203,torchaudio,WUzgd7C1pWA.mp4,0.201674934476614,10,8,original
204,pyav,TrumanShow_wave_f_nm_np1_fr_med_26.avi,0.0012515140697360039,1,8,original
205,tv_newapi,TrumanShow_wave_f_nm_np1_fr_med_26.avi,0.00656603928655386,1,8,original
206,decord,TrumanShow_wave_f_nm_np1_fr_med_26.avi,0.007415931671857834,1,8,original
207,torchaudio,TrumanShow_wave_f_nm_np1_fr_med_26.avi,0.003535863012075424,1,8,original
208,pyav,TrumanShow_wave_f_nm_np1_fr_med_26.avi,0.0031166458502411842,5,8,original
209,tv_newapi,TrumanShow_wave_f_nm_np1_fr_med_26.avi,0.008618389256298542,5,8,original
210,decord,TrumanShow_wave_f_nm_np1_fr_med_26.avi,0.010685727931559086,5,8,original
211,torchaudio,TrumanShow_wave_f_nm_np1_fr_med_26.avi,0.00659854244440794,5,8,original
212,pyav,TrumanShow_wave_f_nm_np1_fr_med_26.avi,0.005732188932597637,10,8,original
213,tv_newapi,TrumanShow_wave_f_nm_np1_fr_med_26.avi,0.01068243756890297,10,8,original
214,decord,TrumanShow_wave_f_nm_np1_fr_med_26.avi,0.014280503615736961,10,8,original
215,torchaudio,TrumanShow_wave_f_nm_np1_fr_med_26.avi,0.010299148969352245,10,8,original
216,pyav,v_SoccerJuggling_g24_c01.avi,0.00295949075371027,1,8,original
217,tv_newapi,v_SoccerJuggling_g24_c01.avi,0.005626947619020939,1,8,original
218,decord,v_SoccerJuggling_g24_c01.avi,0.006816986948251724,1,8,original
219,torchaudio,v_SoccerJuggling_g24_c01.avi,0.09943428821861744,1,8,original
220,pyav,v_SoccerJuggling_g24_c01.avi,0.004977603442966938,5,8,original
221,tv_newapi,v_SoccerJuggling_g24_c01.avi,0.006528778001666069,5,8,original
222,decord,v_SoccerJuggling_g24_c01.avi,0.0072500137612223625,5,8,original
223,torchaudio,v_SoccerJuggling_g24_c01.avi,0.10262202005833387,5,8,original
224,pyav,v_SoccerJuggling_g24_c01.avi,0.007609238848090172,10,8,original
225,tv_newapi,v_SoccerJuggling_g24_c01.avi,0.007966765202581882,10,8,original
226,decord,v_SoccerJuggling_g24_c01.avi,0.010982855223119259,10,8,original
227,torchaudio,v_SoccerJuggling_g24_c01.avi,0.10653030313551426,10,8,original
228,pyav,R6llTwEh07w.mp4,0.18852771911770105,1,8,original
229,tv_newapi,R6llTwEh07w.mp4,0.06744174752384424,1,8,original
230,decord,R6llTwEh07w.mp4,0.06350973434746265,1,8,original
231,torchaudio,R6llTwEh07w.mp4,0.2864788779988885,1,8,original
232,pyav,R6llTwEh07w.mp4,0.19538422115147114,5,8,original
233,tv_newapi,R6llTwEh07w.mp4,0.07847071625292301,5,8,original
234,decord,R6llTwEh07w.mp4,0.06686552800238132,5,8,original
235,torchaudio,R6llTwEh07w.mp4,0.2893274361267686,5,8,original
236,pyav,R6llTwEh07w.mp4,0.20157735235989094,10,8,original
237,tv_newapi,R6llTwEh07w.mp4,0.07719626650214195,10,8,original
238,decord,R6llTwEh07w.mp4,0.06891684420406818,10,8,original
239,torchaudio,R6llTwEh07w.mp4,0.3048854051157832,10,8,original
240,pyav,SOX5yA1l24A.mp4,0.06687086820602417,1,8,original
241,tv_newapi,SOX5yA1l24A.mp4,0.030925747007131577,1,8,original
242,decord,SOX5yA1l24A.mp4,0.02378210425376892,1,8,original
243,torchaudio,SOX5yA1l24A.mp4,0.2222440904006362,1,8,original
244,pyav,SOX5yA1l24A.mp4,0.07216118928045034,5,8,original
245,tv_newapi,SOX5yA1l24A.mp4,0.034279605373740196,5,8,original
246,decord,SOX5yA1l24A.mp4,0.02589985355734825,5,8,original
247,torchaudio,SOX5yA1l24A.mp4,0.22810637205839157,5,8,original
248,pyav,SOX5yA1l24A.mp4,0.07848900370299816,10,8,original
249,tv_newapi,SOX5yA1l24A.mp4,0.03536657430231571,10,8,original
250,decord,SOX5yA1l24A.mp4,0.030464126728475094,10,8,original
251,torchaudio,SOX5yA1l24A.mp4,0.2335276361554861,10,8,original
252,pyav,v_SoccerJuggling_g23_c01.avi,0.0029543107375502586,1,8,original
253,tv_newapi,v_SoccerJuggling_g23_c01.avi,0.00673713069409132,1,8,original
254,decord,v_SoccerJuggling_g23_c01.avi,0.006671058014035225,1,8,original
255,torchaudio,v_SoccerJuggling_g23_c01.avi,0.10061584040522575,1,8,original
256,pyav,v_SoccerJuggling_g23_c01.avi,0.005524568259716034,5,8,original
257,tv_newapi,v_SoccerJuggling_g23_c01.avi,0.00765770860016346,5,8,original
258,decord,v_SoccerJuggling_g23_c01.avi,0.007878143340349197,5,8,original
259,torchaudio,v_SoccerJuggling_g23_c01.avi,0.10346612986177206,5,8,original
260,pyav,v_SoccerJuggling_g23_c01.avi,0.008761133067309856,10,8,original
261,tv_newapi,v_SoccerJuggling_g23_c01.avi,0.008734502829611301,10,8,original
262,decord,v_SoccerJuggling_g23_c01.avi,0.010190585628151894,10,8,original
263,torchaudio,v_SoccerJuggling_g23_c01.avi,0.10802790150046349,10,8,original
264,pyav,SchoolRulesHowTheyHelpUs_wave_f_nm_np1_ba_med_0.avi,0.0040049003437161446,1,8,original
265,tv_newapi,SchoolRulesHowTheyHelpUs_wave_f_nm_np1_ba_med_0.avi,0.011253244243562222,1,8,original
266,decord,SchoolRulesHowTheyHelpUs_wave_f_nm_np1_ba_med_0.avi,0.00758405402302742,1,8,original
267,torchaudio,SchoolRulesHowTheyHelpUs_wave_f_nm_np1_ba_med_0.avi,0.011757724918425083,1,8,original
268,pyav,SchoolRulesHowTheyHelpUs_wave_f_nm_np1_ba_med_0.avi,0.00600677914917469,5,8,original
269,tv_newapi,SchoolRulesHowTheyHelpUs_wave_f_nm_np1_ba_med_0.avi,0.012765179388225079,5,8,original
270,decord,SchoolRulesHowTheyHelpUs_wave_f_nm_np1_ba_med_0.avi,0.009142410941421986,5,8,original
271,torchaudio,SchoolRulesHowTheyHelpUs_wave_f_nm_np1_ba_med_0.avi,0.014223026111721992,5,8,original
272,pyav,SchoolRulesHowTheyHelpUs_wave_f_nm_np1_ba_med_0.avi,0.008325621485710144,10,8,original
273,tv_newapi,SchoolRulesHowTheyHelpUs_wave_f_nm_np1_ba_med_0.avi,0.015119429677724838,10,8,original
274,decord,SchoolRulesHowTheyHelpUs_wave_f_nm_np1_ba_med_0.avi,0.01190881710499525,10,8,original
275,torchaudio,SchoolRulesHowTheyHelpUs_wave_f_nm_np1_ba_med_0.avi,0.017546674236655235,10,8,original
276,pyav,RATRACE_wave_f_nm_np1_fr_goo_37.avi,0.005940004251897335,1,8,original
277,tv_newapi,RATRACE_wave_f_nm_np1_fr_goo_37.avi,0.01610566396266222,1,8,original
278,decord,RATRACE_wave_f_nm_np1_fr_goo_37.avi,0.012907707132399082,1,8,original
279,torchaudio,RATRACE_wave_f_nm_np1_fr_goo_37.avi,0.018097547814249992,1,8,original
280,pyav,RATRACE_wave_f_nm_np1_fr_goo_37.avi,0.008566252887248993,5,8,original
281,tv_newapi,RATRACE_wave_f_nm_np1_fr_goo_37.avi,0.016976109705865383,5,8,original
282,decord,RATRACE_wave_f_nm_np1_fr_goo_37.avi,0.01321492064744234,5,8,original
283,torchaudio,RATRACE_wave_f_nm_np1_fr_goo_37.avi,0.02199777401983738,5,8,original
284,pyav,RATRACE_wave_f_nm_np1_fr_goo_37.avi,0.01172358263283968,10,8,original
285,tv_newapi,RATRACE_wave_f_nm_np1_fr_goo_37.avi,0.020365839824080467,10,8,original
286,decord,RATRACE_wave_f_nm_np1_fr_goo_37.avi,0.020529058761894703,10,8,original
287,torchaudio,RATRACE_wave_f_nm_np1_fr_goo_37.avi,0.026902545243501663,10,8,original
288,pyav,v_SoccerJuggling_g23_c01.avi.mp4,0.062488146126270294,1,1,h264
289,tv_newapi,v_SoccerJuggling_g23_c01.avi.mp4,0.07060605846345425,1,1,h264
290,decord,v_SoccerJuggling_g23_c01.avi.mp4,0.03610072564333677,1,1,h264
291,torchaudio,v_SoccerJuggling_g23_c01.avi.mp4,0.12052579037845135,1,1,h264
292,pyav,v_SoccerJuggling_g23_c01.avi.mp4,0.06728154513984919,5,1,h264
293,tv_newapi,v_SoccerJuggling_g23_c01.avi.mp4,0.07495285756886005,5,1,h264
294,decord,v_SoccerJuggling_g23_c01.avi.mp4,0.0391386654227972,5,1,h264
295,torchaudio,v_SoccerJuggling_g23_c01.avi.mp4,0.12472866475582123,5,1,h264
296,pyav,v_SoccerJuggling_g23_c01.avi.mp4,0.07033661659806967,10,1,h264
297,tv_newapi,v_SoccerJuggling_g23_c01.avi.mp4,0.076930764131248,10,1,h264
298,decord,v_SoccerJuggling_g23_c01.avi.mp4,0.04130822326987982,10,1,h264
299,torchaudio,v_SoccerJuggling_g23_c01.avi.mp4,0.13116392027586699,10,1,h264
300,pyav,WUzgd7C1pWA.mp4,0.05798705853521824,1,1,h264
301,tv_newapi,WUzgd7C1pWA.mp4,0.06392278429120779,1,1,h264
302,decord,WUzgd7C1pWA.mp4,0.024799256585538387,1,1,h264
303,torchaudio,WUzgd7C1pWA.mp4,0.20573331508785486,1,1,h264
304,pyav,WUzgd7C1pWA.mp4,0.06445167865604162,5,1,h264
305,tv_newapi,WUzgd7C1pWA.mp4,0.06913966592401266,5,1,h264
306,decord,WUzgd7C1pWA.mp4,0.02859470620751381,5,1,h264
307,torchaudio,WUzgd7C1pWA.mp4,0.21384712029248476,5,1,h264
308,pyav,WUzgd7C1pWA.mp4,0.07269038446247578,10,1,h264
309,tv_newapi,WUzgd7C1pWA.mp4,0.07629007659852505,10,1,h264
310,decord,WUzgd7C1pWA.mp4,0.031182837672531605,10,1,h264
311,torchaudio,WUzgd7C1pWA.mp4,0.22235768008977175,10,1,h264
312,pyav,RATRACE_wave_f_nm_np1_fr_goo_37.avi.mp4,0.01425139605998993,1,1,h264
313,tv_newapi,RATRACE_wave_f_nm_np1_fr_goo_37.avi.mp4,0.017070036381483078,1,1,h264
314,decord,RATRACE_wave_f_nm_np1_fr_goo_37.avi.mp4,0.008726323023438454,1,1,h264
315,torchaudio,RATRACE_wave_f_nm_np1_fr_goo_37.avi.mp4,0.02669284213334322,1,1,h264
316,pyav,RATRACE_wave_f_nm_np1_fr_goo_37.avi.mp4,0.01774785667657852,5,1,h264
317,tv_newapi,RATRACE_wave_f_nm_np1_fr_goo_37.avi.mp4,0.02005916554480791,5,1,h264
318,decord,RATRACE_wave_f_nm_np1_fr_goo_37.avi.mp4,0.009632296860218048,5,1,h264
319,torchaudio,RATRACE_wave_f_nm_np1_fr_goo_37.avi.mp4,0.03257277514785528,5,1,h264
320,pyav,RATRACE_wave_f_nm_np1_fr_goo_37.avi.mp4,0.024417273700237274,10,1,h264
321,tv_newapi,RATRACE_wave_f_nm_np1_fr_goo_37.avi.mp4,0.026024441234767437,10,1,h264
322,decord,RATRACE_wave_f_nm_np1_fr_goo_37.avi.mp4,0.01153595931828022,10,1,h264
323,torchaudio,RATRACE_wave_f_nm_np1_fr_goo_37.avi.mp4,0.04022274352610111,10,1,h264
324,pyav,SchoolRulesHowTheyHelpUs_wave_f_nm_np1_ba_med_0.avi.mp4,0.007610216736793518,1,1,h264
325,tv_newapi,SchoolRulesHowTheyHelpUs_wave_f_nm_np1_ba_med_0.avi.mp4,0.009712496772408485,1,1,h264
326,decord,SchoolRulesHowTheyHelpUs_wave_f_nm_np1_ba_med_0.avi.mp4,0.00529139768332243,1,1,h264
327,torchaudio,SchoolRulesHowTheyHelpUs_wave_f_nm_np1_ba_med_0.avi.mp4,0.01592165883630514,1,1,h264
328,pyav,SchoolRulesHowTheyHelpUs_wave_f_nm_np1_ba_med_0.avi.mp4,0.010236825793981552,5,1,h264
329,tv_newapi,SchoolRulesHowTheyHelpUs_wave_f_nm_np1_ba_med_0.avi.mp4,0.011804092675447464,5,1,h264
330,decord,SchoolRulesHowTheyHelpUs_wave_f_nm_np1_ba_med_0.avi.mp4,0.0057209329679608345,5,1,h264
331,torchaudio,SchoolRulesHowTheyHelpUs_wave_f_nm_np1_ba_med_0.avi.mp4,0.018948988988995552,5,1,h264
332,pyav,SchoolRulesHowTheyHelpUs_wave_f_nm_np1_ba_med_0.avi.mp4,0.013855397701263428,10,1,h264
333,tv_newapi,SchoolRulesHowTheyHelpUs_wave_f_nm_np1_ba_med_0.avi.mp4,0.01473717950284481,10,1,h264
334,decord,SchoolRulesHowTheyHelpUs_wave_f_nm_np1_ba_med_0.avi.mp4,0.006205474026501179,10,1,h264
335,torchaudio,SchoolRulesHowTheyHelpUs_wave_f_nm_np1_ba_med_0.avi.mp4,0.02338728867471218,10,1,h264
336,pyav,R6llTwEh07w.mp4,0.038281626999378204,1,1,h264
337,tv_newapi,R6llTwEh07w.mp4,0.04205771069973707,1,1,h264
338,decord,R6llTwEh07w.mp4,0.01900492887943983,1,1,h264
339,torchaudio,R6llTwEh07w.mp4,0.17238298431038857,1,1,h264
340,pyav,R6llTwEh07w.mp4,0.044726003892719746,5,1,h264
341,tv_newapi,R6llTwEh07w.mp4,0.047568329609930515,5,1,h264
342,decord,R6llTwEh07w.mp4,0.02511301450431347,5,1,h264
343,torchaudio,R6llTwEh07w.mp4,0.17710821144282818,5,1,h264
344,pyav,R6llTwEh07w.mp4,0.052435063757002354,10,1,h264
345,tv_newapi,R6llTwEh07w.mp4,0.05426651332527399,10,1,h264
346,decord,R6llTwEh07w.mp4,0.028706155717372894,10,1,h264
347,torchaudio,R6llTwEh07w.mp4,0.19542288314551115,10,1,h264
348,pyav,v_SoccerJuggling_g24_c01.avi.mp4,0.06723507679998875,1,1,h264
349,tv_newapi,v_SoccerJuggling_g24_c01.avi.mp4,0.0788977462798357,1,1,h264
350,decord,v_SoccerJuggling_g24_c01.avi.mp4,0.04559849947690964,1,1,h264
351,torchaudio,v_SoccerJuggling_g24_c01.avi.mp4,0.14504068158566952,1,1,h264
352,pyav,v_SoccerJuggling_g24_c01.avi.mp4,0.06778725888580084,5,1,h264
353,tv_newapi,v_SoccerJuggling_g24_c01.avi.mp4,0.07899309694766998,5,1,h264
354,decord,v_SoccerJuggling_g24_c01.avi.mp4,0.04761482961475849,5,1,h264
355,torchaudio,v_SoccerJuggling_g24_c01.avi.mp4,0.14966702181845903,5,1,h264
356,pyav,v_SoccerJuggling_g24_c01.avi.mp4,0.07231222279369831,10,1,h264
357,tv_newapi,v_SoccerJuggling_g24_c01.avi.mp4,0.08232759311795235,10,1,h264
358,decord,v_SoccerJuggling_g24_c01.avi.mp4,0.04856727924197912,10,1,h264
359,torchaudio,v_SoccerJuggling_g24_c01.avi.mp4,0.15586814749985933,10,1,h264
360,pyav,SOX5yA1l24A.mp4,0.050277283415198326,1,1,h264
361,tv_newapi,SOX5yA1l24A.mp4,0.05650530755519867,1,1,h264
362,decord,SOX5yA1l24A.mp4,0.027657913975417614,1,1,h264
363,torchaudio,SOX5yA1l24A.mp4,0.3845469746738672,1,1,h264
364,pyav,SOX5yA1l24A.mp4,0.05576917715370655,5,1,h264
365,tv_newapi,SOX5yA1l24A.mp4,0.06122695282101631,5,1,h264
366,decord,SOX5yA1l24A.mp4,0.030397096648812294,5,1,h264
367,torchaudio,SOX5yA1l24A.mp4,0.3926345817744732,5,1,h264
368,pyav,SOX5yA1l24A.mp4,0.06323807220906019,10,1,h264
369,tv_newapi,SOX5yA1l24A.mp4,0.06731410603970289,10,1,h264
370,decord,SOX5yA1l24A.mp4,0.028213946148753166,10,1,h264
371,torchaudio,SOX5yA1l24A.mp4,0.40234246104955673,10,1,h264
372,pyav,TrumanShow_wave_f_nm_np1_fr_med_26.avi.mp4,0.0013747615739703178,1,1,h264
373,tv_newapi,TrumanShow_wave_f_nm_np1_fr_med_26.avi.mp4,0.002894146367907524,1,1,h264
374,decord,TrumanShow_wave_f_nm_np1_fr_med_26.avi.mp4,0.004911388270556927,1,1,h264
375,torchaudio,TrumanShow_wave_f_nm_np1_fr_med_26.avi.mp4,0.004002880305051804,1,1,h264
376,pyav,TrumanShow_wave_f_nm_np1_fr_med_26.avi.mp4,0.003992749378085136,5,1,h264
377,tv_newapi,TrumanShow_wave_f_nm_np1_fr_med_26.avi.mp4,0.00501132570207119,5,1,h264
378,decord,TrumanShow_wave_f_nm_np1_fr_med_26.avi.mp4,0.006289775483310223,5,1,h264
379,torchaudio,TrumanShow_wave_f_nm_np1_fr_med_26.avi.mp4,0.00792703777551651,5,1,h264
380,pyav,TrumanShow_wave_f_nm_np1_fr_med_26.avi.mp4,0.008241628296673298,10,1,h264
381,tv_newapi,TrumanShow_wave_f_nm_np1_fr_med_26.avi.mp4,0.008584671653807163,10,1,h264
382,decord,TrumanShow_wave_f_nm_np1_fr_med_26.avi.mp4,0.00813707523047924,10,1,h264
383,torchaudio,TrumanShow_wave_f_nm_np1_fr_med_26.avi.mp4,0.013012795709073544,10,1,h264
384,pyav,v_SoccerJuggling_g23_c01.avi.mp4,0.04484556429088116,1,4,h264
385,tv_newapi,v_SoccerJuggling_g23_c01.avi.mp4,0.034630983136594296,1,4,h264
386,decord,v_SoccerJuggling_g23_c01.avi.mp4,0.041006104089319706,1,4,h264
387,torchaudio,v_SoccerJuggling_g23_c01.avi.mp4,0.10854645632207394,1,4,h264
388,pyav,v_SoccerJuggling_g23_c01.avi.mp4,0.04581195488572121,5,4,h264
389,tv_newapi,v_SoccerJuggling_g23_c01.avi.mp4,0.036507004871964455,5,4,h264
390,decord,v_SoccerJuggling_g23_c01.avi.mp4,0.03213919699192047,5,4,h264
391,torchaudio,v_SoccerJuggling_g23_c01.avi.mp4,0.1127606239169836,5,4,h264
392,pyav,v_SoccerJuggling_g23_c01.avi.mp4,0.047646356746554375,10,4,h264
393,tv_newapi,v_SoccerJuggling_g23_c01.avi.mp4,0.043024648912250996,10,4,h264
394,decord,v_SoccerJuggling_g23_c01.avi.mp4,0.04155762307345867,10,4,h264
395,torchaudio,v_SoccerJuggling_g23_c01.avi.mp4,0.12075798027217388,10,4,h264
396,pyav,WUzgd7C1pWA.mp4,0.05653111170977354,1,4,h264
397,tv_newapi,WUzgd7C1pWA.mp4,0.0540321059525013,1,4,h264
398,decord,WUzgd7C1pWA.mp4,0.03431963827461004,1,4,h264
399,torchaudio,WUzgd7C1pWA.mp4,0.3398657329380512,1,4,h264
400,pyav,WUzgd7C1pWA.mp4,0.05823326762765646,5,4,h264
401,tv_newapi,WUzgd7C1pWA.mp4,0.06261386722326279,5,4,h264
402,decord,WUzgd7C1pWA.mp4,0.03396405000239611,5,4,h264
403,torchaudio,WUzgd7C1pWA.mp4,0.3492737729102373,5,4,h264
404,pyav,WUzgd7C1pWA.mp4,0.06326136738061905,10,4,h264
405,tv_newapi,WUzgd7C1pWA.mp4,0.06139349192380905,10,4,h264
406,decord,WUzgd7C1pWA.mp4,0.03247604798525572,10,4,h264
407,torchaudio,WUzgd7C1pWA.mp4,0.3585008094087243,10,4,h264
408,pyav,RATRACE_wave_f_nm_np1_fr_goo_37.avi.mp4,0.0098212705925107,1,4,h264
409,tv_newapi,RATRACE_wave_f_nm_np1_fr_goo_37.avi.mp4,0.010243842378258705,1,4,h264
410,decord,RATRACE_wave_f_nm_np1_fr_goo_37.avi.mp4,0.008562752977013588,1,4,h264
411,torchaudio,RATRACE_wave_f_nm_np1_fr_goo_37.avi.mp4,0.026437126100063324,1,4,h264
412,pyav,RATRACE_wave_f_nm_np1_fr_goo_37.avi.mp4,0.013160266913473606,5,4,h264
413,tv_newapi,RATRACE_wave_f_nm_np1_fr_goo_37.avi.mp4,0.012312393635511398,5,4,h264
414,decord,RATRACE_wave_f_nm_np1_fr_goo_37.avi.mp4,0.008970458060503006,5,4,h264
415,torchaudio,RATRACE_wave_f_nm_np1_fr_goo_37.avi.mp4,0.03248294163495302,5,4,h264
416,pyav,RATRACE_wave_f_nm_np1_fr_goo_37.avi.mp4,0.017502655275166035,10,4,h264
417,tv_newapi,RATRACE_wave_f_nm_np1_fr_goo_37.avi.mp4,0.01690793875604868,10,4,h264
418,decord,RATRACE_wave_f_nm_np1_fr_goo_37.avi.mp4,0.014394935220479965,10,4,h264
419,torchaudio,RATRACE_wave_f_nm_np1_fr_goo_37.avi.mp4,0.03954318072646856,10,4,h264
420,pyav,SchoolRulesHowTheyHelpUs_wave_f_nm_np1_ba_med_0.avi.mp4,0.005218121223151684,1,4,h264
421,tv_newapi,SchoolRulesHowTheyHelpUs_wave_f_nm_np1_ba_med_0.avi.mp4,0.007738850079476833,1,4,h264
422,decord,SchoolRulesHowTheyHelpUs_wave_f_nm_np1_ba_med_0.avi.mp4,0.005206703208386898,1,4,h264
423,torchaudio,SchoolRulesHowTheyHelpUs_wave_f_nm_np1_ba_med_0.avi.mp4,0.01604460459202528,1,4,h264
424,pyav,SchoolRulesHowTheyHelpUs_wave_f_nm_np1_ba_med_0.avi.mp4,0.008426189422607422,5,4,h264
425,tv_newapi,SchoolRulesHowTheyHelpUs_wave_f_nm_np1_ba_med_0.avi.mp4,0.009007345885038376,5,4,h264
426,decord,SchoolRulesHowTheyHelpUs_wave_f_nm_np1_ba_med_0.avi.mp4,0.005525029264390469,5,4,h264
427,torchaudio,SchoolRulesHowTheyHelpUs_wave_f_nm_np1_ba_med_0.avi.mp4,0.019002242013812065,5,4,h264
428,pyav,SchoolRulesHowTheyHelpUs_wave_f_nm_np1_ba_med_0.avi.mp4,0.011810687370598316,10,4,h264
429,tv_newapi,SchoolRulesHowTheyHelpUs_wave_f_nm_np1_ba_med_0.avi.mp4,0.010521541349589825,10,4,h264
430,decord,SchoolRulesHowTheyHelpUs_wave_f_nm_np1_ba_med_0.avi.mp4,0.006339387968182564,10,4,h264
431,torchaudio,SchoolRulesHowTheyHelpUs_wave_f_nm_np1_ba_med_0.avi.mp4,0.023382356390357018,10,4,h264
432,pyav,R6llTwEh07w.mp4,0.03242319077253342,1,4,h264
433,tv_newapi,R6llTwEh07w.mp4,0.03746538236737251,1,4,h264
434,decord,R6llTwEh07w.mp4,0.036685031838715076,1,4,h264
435,torchaudio,R6llTwEh07w.mp4,0.3211255604401231,1,4,h264
436,pyav,R6llTwEh07w.mp4,0.03541100863367319,5,4,h264
437,tv_newapi,R6llTwEh07w.mp4,0.0421792883425951,5,4,h264
438,decord,R6llTwEh07w.mp4,0.047909137792885303,5,4,h264
439,torchaudio,R6llTwEh07w.mp4,0.329743524082005,5,4,h264
440,pyav,R6llTwEh07w.mp4,0.041838846169412136,10,4,h264
441,tv_newapi,R6llTwEh07w.mp4,0.04046512581408024,10,4,h264
442,decord,R6llTwEh07w.mp4,0.0530079510062933,10,4,h264
443,torchaudio,R6llTwEh07w.mp4,0.3398811677470803,10,4,h264
444,pyav,v_SoccerJuggling_g24_c01.avi.mp4,0.03762461896985769,1,4,h264
445,tv_newapi,v_SoccerJuggling_g24_c01.avi.mp4,0.030906839296221733,1,4,h264
446,decord,v_SoccerJuggling_g24_c01.avi.mp4,0.03842070885002613,1,4,h264
447,torchaudio,v_SoccerJuggling_g24_c01.avi.mp4,0.09609352890402079,1,4,h264
448,pyav,v_SoccerJuggling_g24_c01.avi.mp4,0.04391478933393955,5,4,h264
449,tv_newapi,v_SoccerJuggling_g24_c01.avi.mp4,0.03374474123120308,5,4,h264
450,decord,v_SoccerJuggling_g24_c01.avi.mp4,0.03102545253932476,5,4,h264
451,torchaudio,v_SoccerJuggling_g24_c01.avi.mp4,0.09927206672728062,5,4,h264
452,pyav,v_SoccerJuggling_g24_c01.avi.mp4,0.04980305954813957,10,4,h264
453,tv_newapi,v_SoccerJuggling_g24_c01.avi.mp4,0.034900552593171597,10,4,h264
454,decord,v_SoccerJuggling_g24_c01.avi.mp4,0.039275383576750755,10,4,h264
455,torchaudio,v_SoccerJuggling_g24_c01.avi.mp4,0.10427184775471687,10,4,h264
456,pyav,SOX5yA1l24A.mp4,0.030347556807100773,1,4,h264
457,tv_newapi,SOX5yA1l24A.mp4,0.033357804641127586,1,4,h264
458,decord,SOX5yA1l24A.mp4,0.03677214402705431,1,4,h264
459,torchaudio,SOX5yA1l24A.mp4,0.2897584233433008,1,4,h264
460,pyav,SOX5yA1l24A.mp4,0.03355925250798464,5,4,h264
461,tv_newapi,SOX5yA1l24A.mp4,0.039696551859378815,5,4,h264
462,decord,SOX5yA1l24A.mp4,0.04316672217100859,5,4,h264
463,torchaudio,SOX5yA1l24A.mp4,0.2971100816503167,5,4,h264
464,pyav,SOX5yA1l24A.mp4,0.03859979286789894,10,4,h264
465,tv_newapi,SOX5yA1l24A.mp4,0.03735116310417652,10,4,h264
466,decord,SOX5yA1l24A.mp4,0.04485473595559597,10,4,h264
467,torchaudio,SOX5yA1l24A.mp4,0.3072474179789424,10,4,h264
468,pyav,TrumanShow_wave_f_nm_np1_fr_med_26.avi.mp4,0.001119278371334076,1,4,h264
469,tv_newapi,TrumanShow_wave_f_nm_np1_fr_med_26.avi.mp4,0.004203769378364086,1,4,h264
470,decord,TrumanShow_wave_f_nm_np1_fr_med_26.avi.mp4,0.004613975062966347,1,4,h264
471,torchaudio,TrumanShow_wave_f_nm_np1_fr_med_26.avi.mp4,0.003839479759335518,1,4,h264
472,pyav,TrumanShow_wave_f_nm_np1_fr_med_26.avi.mp4,0.0033511361107230186,5,4,h264
473,tv_newapi,TrumanShow_wave_f_nm_np1_fr_med_26.avi.mp4,0.005952212959527969,5,4,h264
474,decord,TrumanShow_wave_f_nm_np1_fr_med_26.avi.mp4,0.006362185813486576,5,4,h264
475,torchaudio,TrumanShow_wave_f_nm_np1_fr_med_26.avi.mp4,0.0077084628865122795,5,4,h264
476,pyav,TrumanShow_wave_f_nm_np1_fr_med_26.avi.mp4,0.006823542527854443,10,4,h264
477,tv_newapi,TrumanShow_wave_f_nm_np1_fr_med_26.avi.mp4,0.007723899558186531,10,4,h264
478,decord,TrumanShow_wave_f_nm_np1_fr_med_26.avi.mp4,0.00827841181308031,10,4,h264
479,torchaudio,TrumanShow_wave_f_nm_np1_fr_med_26.avi.mp4,0.013101466931402683,10,4,h264
480,pyav,v_SoccerJuggling_g23_c01.avi.mp4,0.021966522559523582,1,8,h264
481,tv_newapi,v_SoccerJuggling_g23_c01.avi.mp4,0.019864209927618504,1,8,h264
482,decord,v_SoccerJuggling_g23_c01.avi.mp4,0.01692196447402239,1,8,h264
483,torchaudio,v_SoccerJuggling_g23_c01.avi.mp4,0.06391600519418716,1,8,h264
484,pyav,v_SoccerJuggling_g23_c01.avi.mp4,0.024693534709513187,5,8,h264
485,tv_newapi,v_SoccerJuggling_g23_c01.avi.mp4,0.02101326175034046,5,8,h264
486,decord,v_SoccerJuggling_g23_c01.avi.mp4,0.022964573465287685,5,8,h264
487,torchaudio,v_SoccerJuggling_g23_c01.avi.mp4,0.06956857722252607,5,8,h264
488,pyav,v_SoccerJuggling_g23_c01.avi.mp4,0.03432297334074974,10,8,h264
489,tv_newapi,v_SoccerJuggling_g23_c01.avi.mp4,0.022929662838578224,10,8,h264
490,decord,v_SoccerJuggling_g23_c01.avi.mp4,0.019524384289979935,10,8,h264
491,torchaudio,v_SoccerJuggling_g23_c01.avi.mp4,0.0744914161041379,10,8,h264
492,pyav,WUzgd7C1pWA.mp4,0.010261486284434795,1,8,h264
493,tv_newapi,WUzgd7C1pWA.mp4,0.019341617822647095,1,8,h264
494,decord,WUzgd7C1pWA.mp4,0.014194385148584843,1,8,h264
495,torchaudio,WUzgd7C1pWA.mp4,0.17383611481636763,1,8,h264
496,pyav,WUzgd7C1pWA.mp4,0.013055374845862389,5,8,h264
497,tv_newapi,WUzgd7C1pWA.mp4,0.020772668533027172,5,8,h264
498,decord,WUzgd7C1pWA.mp4,0.011567617766559124,5,8,h264
499,torchaudio,WUzgd7C1pWA.mp4,0.18199493177235126,5,8,h264
500,pyav,WUzgd7C1pWA.mp4,0.023113767616450787,10,8,h264
501,tv_newapi,WUzgd7C1pWA.mp4,0.022772579453885555,10,8,h264
502,decord,WUzgd7C1pWA.mp4,0.013371659442782402,10,8,h264
503,torchaudio,WUzgd7C1pWA.mp4,0.19238737411797047,10,8,h264
504,pyav,RATRACE_wave_f_nm_np1_fr_goo_37.avi.mp4,0.009318161755800247,1,8,h264
505,tv_newapi,RATRACE_wave_f_nm_np1_fr_goo_37.avi.mp4,0.012514139525592327,1,8,h264
506,decord,RATRACE_wave_f_nm_np1_fr_goo_37.avi.mp4,0.009784340858459473,1,8,h264
507,torchaudio,RATRACE_wave_f_nm_np1_fr_goo_37.avi.mp4,0.0268862908706069,1,8,h264
508,pyav,RATRACE_wave_f_nm_np1_fr_goo_37.avi.mp4,0.012176594696938992,5,8,h264
509,tv_newapi,RATRACE_wave_f_nm_np1_fr_goo_37.avi.mp4,0.014078744687139988,5,8,h264
510,decord,RATRACE_wave_f_nm_np1_fr_goo_37.avi.mp4,0.009643777273595333,5,8,h264
511,torchaudio,RATRACE_wave_f_nm_np1_fr_goo_37.avi.mp4,0.03239131439477205,5,8,h264
512,pyav,RATRACE_wave_f_nm_np1_fr_goo_37.avi.mp4,0.017491435632109642,10,8,h264
513,tv_newapi,RATRACE_wave_f_nm_np1_fr_goo_37.avi.mp4,0.01620031986385584,10,8,h264
514,decord,RATRACE_wave_f_nm_np1_fr_goo_37.avi.mp4,0.01176100131124258,10,8,h264
515,torchaudio,RATRACE_wave_f_nm_np1_fr_goo_37.avi.mp4,0.04005849827080965,10,8,h264
516,pyav,SchoolRulesHowTheyHelpUs_wave_f_nm_np1_ba_med_0.avi.mp4,0.003407440148293972,1,8,h264
517,tv_newapi,SchoolRulesHowTheyHelpUs_wave_f_nm_np1_ba_med_0.avi.mp4,0.00936202798038721,1,8,h264
518,decord,SchoolRulesHowTheyHelpUs_wave_f_nm_np1_ba_med_0.avi.mp4,0.0052502695471048355,1,8,h264
519,torchaudio,SchoolRulesHowTheyHelpUs_wave_f_nm_np1_ba_med_0.avi.mp4,0.016193482093513012,1,8,h264
520,pyav,SchoolRulesHowTheyHelpUs_wave_f_nm_np1_ba_med_0.avi.mp4,0.005507924593985081,5,8,h264
521,tv_newapi,SchoolRulesHowTheyHelpUs_wave_f_nm_np1_ba_med_0.avi.mp4,0.010024349205195904,5,8,h264
522,decord,SchoolRulesHowTheyHelpUs_wave_f_nm_np1_ba_med_0.avi.mp4,0.005558494478464127,5,8,h264
523,torchaudio,SchoolRulesHowTheyHelpUs_wave_f_nm_np1_ba_med_0.avi.mp4,0.01952124387025833,5,8,h264
524,pyav,SchoolRulesHowTheyHelpUs_wave_f_nm_np1_ba_med_0.avi.mp4,0.008093565702438354,10,8,h264
525,tv_newapi,SchoolRulesHowTheyHelpUs_wave_f_nm_np1_ba_med_0.avi.mp4,0.011521179229021072,10,8,h264
526,decord,SchoolRulesHowTheyHelpUs_wave_f_nm_np1_ba_med_0.avi.mp4,0.006337035447359085,10,8,h264
527,torchaudio,SchoolRulesHowTheyHelpUs_wave_f_nm_np1_ba_med_0.avi.mp4,0.023369300179183483,10,8,h264
528,pyav,R6llTwEh07w.mp4,0.009076336398720741,1,8,h264
529,tv_newapi,R6llTwEh07w.mp4,0.019604980945587158,1,8,h264
530,decord,R6llTwEh07w.mp4,0.020408514887094498,1,8,h264
531,torchaudio,R6llTwEh07w.mp4,0.09936072025448084,1,8,h264
532,pyav,R6llTwEh07w.mp4,0.01883537322282791,5,8,h264
533,tv_newapi,R6llTwEh07w.mp4,0.021516652777791023,5,8,h264
534,decord,R6llTwEh07w.mp4,0.02737670484930277,5,8,h264
535,torchaudio,R6llTwEh07w.mp4,0.10714960377663374,5,8,h264
536,pyav,R6llTwEh07w.mp4,0.019222412258386612,10,8,h264
537,tv_newapi,R6llTwEh07w.mp4,0.029917936772108078,10,8,h264
538,decord,R6llTwEh07w.mp4,0.031972700729966164,10,8,h264
539,torchaudio,R6llTwEh07w.mp4,0.11688155494630337,10,8,h264
540,pyav,v_SoccerJuggling_g24_c01.avi.mp4,0.04256514832377434,1,8,h264
541,tv_newapi,v_SoccerJuggling_g24_c01.avi.mp4,0.03634103760123253,1,8,h264
542,decord,v_SoccerJuggling_g24_c01.avi.mp4,0.045185964554548264,1,8,h264
543,torchaudio,v_SoccerJuggling_g24_c01.avi.mp4,0.12569493427872658,1,8,h264
544,pyav,v_SoccerJuggling_g24_c01.avi.mp4,0.030785726383328438,5,8,h264
545,tv_newapi,v_SoccerJuggling_g24_c01.avi.mp4,0.0424943333491683,5,8,h264
546,decord,v_SoccerJuggling_g24_c01.avi.mp4,0.04365304298698902,5,8,h264
547,torchaudio,v_SoccerJuggling_g24_c01.avi.mp4,0.13056100625544786,5,8,h264
548,pyav,v_SoccerJuggling_g24_c01.avi.mp4,0.03796346765011549,10,8,h264
549,tv_newapi,v_SoccerJuggling_g24_c01.avi.mp4,0.0401470297947526,10,8,h264
550,decord,v_SoccerJuggling_g24_c01.avi.mp4,0.04000152740627527,10,8,h264
551,torchaudio,v_SoccerJuggling_g24_c01.avi.mp4,0.13552243821322918,10,8,h264
552,pyav,SOX5yA1l24A.mp4,0.025145651772618294,1,8,h264
553,tv_newapi,SOX5yA1l24A.mp4,0.03143520001322031,1,8,h264
554,decord,SOX5yA1l24A.mp4,0.02564546838402748,1,8,h264
555,torchaudio,SOX5yA1l24A.mp4,0.29340312350541353,1,8,h264
556,pyav,SOX5yA1l24A.mp4,0.023331377655267715,5,8,h264
557,tv_newapi,SOX5yA1l24A.mp4,0.03267392795532942,5,8,h264
558,decord,SOX5yA1l24A.mp4,0.041895206086337566,5,8,h264
559,torchaudio,SOX5yA1l24A.mp4,0.29779132921248674,5,8,h264
560,pyav,SOX5yA1l24A.mp4,0.0335670942440629,10,8,h264
561,tv_newapi,SOX5yA1l24A.mp4,0.031814864836633205,10,8,h264
562,decord,SOX5yA1l24A.mp4,0.049567811191082,10,8,h264
563,torchaudio,SOX5yA1l24A.mp4,0.30739501491189003,10,8,h264
564,pyav,TrumanShow_wave_f_nm_np1_fr_med_26.avi.mp4,0.0009452691301703453,1,8,h264
565,tv_newapi,TrumanShow_wave_f_nm_np1_fr_med_26.avi.mp4,0.006325623020529747,1,8,h264
566,decord,TrumanShow_wave_f_nm_np1_fr_med_26.avi.mp4,0.004828829318284988,1,8,h264
567,torchaudio,TrumanShow_wave_f_nm_np1_fr_med_26.avi.mp4,0.004229077138006687,1,8,h264
568,pyav,TrumanShow_wave_f_nm_np1_fr_med_26.avi.mp4,0.0027746036648750305,5,8,h264
569,tv_newapi,TrumanShow_wave_f_nm_np1_fr_med_26.avi.mp4,0.0075067998841404915,5,8,h264
570,decord,TrumanShow_wave_f_nm_np1_fr_med_26.avi.mp4,0.006346909329295158,5,8,h264
571,torchaudio,TrumanShow_wave_f_nm_np1_fr_med_26.avi.mp4,0.007773815654218197,5,8,h264
572,pyav,TrumanShow_wave_f_nm_np1_fr_med_26.avi.mp4,0.0055946363136172295,10,8,h264
573,tv_newapi,TrumanShow_wave_f_nm_np1_fr_med_26.avi.mp4,0.008728883229196072,10,8,h264
574,decord,TrumanShow_wave_f_nm_np1_fr_med_26.avi.mp4,0.008621182292699814,10,8,h264
575,torchaudio,TrumanShow_wave_f_nm_np1_fr_med_26.avi.mp4,0.013426034711301327,10,8,h264
576,pyav,TrumanShow_wave_f_nm_np1_fr_med_26.avi,0.0013137608766555786,1,1,xvid
577,tv_newapi,TrumanShow_wave_f_nm_np1_fr_med_26.avi,0.001243789680302143,1,1,xvid
578,decord,TrumanShow_wave_f_nm_np1_fr_med_26.avi,0.0034362971782684326,1,1,xvid
579,torchaudio,TrumanShow_wave_f_nm_np1_fr_med_26.avi,0.00350232794880867,1,1,xvid
580,pyav,TrumanShow_wave_f_nm_np1_fr_med_26.avi,0.00341988168656826,5,1,xvid
581,tv_newapi,TrumanShow_wave_f_nm_np1_fr_med_26.avi,0.002963193692266941,5,1,xvid
582,decord,TrumanShow_wave_f_nm_np1_fr_med_26.avi,0.005400924012064934,5,1,xvid
583,torchaudio,TrumanShow_wave_f_nm_np1_fr_med_26.avi,0.006557576358318329,5,1,xvid
584,pyav,TrumanShow_wave_f_nm_np1_fr_med_26.avi,0.0056531475856900215,10,1,xvid
585,tv_newapi,TrumanShow_wave_f_nm_np1_fr_med_26.avi,0.004396411590278149,10,1,xvid
586,decord,TrumanShow_wave_f_nm_np1_fr_med_26.avi,0.008233063854277134,10,1,xvid
587,torchaudio,TrumanShow_wave_f_nm_np1_fr_med_26.avi,0.010223928838968277,10,1,xvid
588,pyav,v_SoccerJuggling_g24_c01.avi,0.0030017485842108727,1,1,xvid
589,tv_newapi,v_SoccerJuggling_g24_c01.avi,0.002578120678663254,1,1,xvid
590,decord,v_SoccerJuggling_g24_c01.avi,0.0071618929505348206,1,1,xvid
591,torchaudio,v_SoccerJuggling_g24_c01.avi,0.10309396777302027,1,1,xvid
592,pyav,v_SoccerJuggling_g24_c01.avi,0.005051842890679836,5,1,xvid
593,tv_newapi,v_SoccerJuggling_g24_c01.avi,0.0037350989878177643,5,1,xvid
594,decord,v_SoccerJuggling_g24_c01.avi,0.00904016476124525,5,1,xvid
595,torchaudio,v_SoccerJuggling_g24_c01.avi,0.10717171989381313,5,1,xvid
596,pyav,v_SoccerJuggling_g24_c01.avi,0.007918325252830982,10,1,xvid
597,tv_newapi,v_SoccerJuggling_g24_c01.avi,0.005481012165546417,10,1,xvid
598,decord,v_SoccerJuggling_g24_c01.avi,0.011864090338349342,10,1,xvid
599,torchaudio,v_SoccerJuggling_g24_c01.avi,0.11468103434890509,10,1,xvid
600,pyav,v_SoccerJuggling_g23_c01.avi,0.0027927635237574577,1,1,xvid
601,tv_newapi,v_SoccerJuggling_g23_c01.avi,0.0030622174963355064,1,1,xvid
602,decord,v_SoccerJuggling_g23_c01.avi,0.007067966274917126,1,1,xvid
603,torchaudio,v_SoccerJuggling_g23_c01.avi,0.08141231257468462,1,1,xvid
604,pyav,v_SoccerJuggling_g23_c01.avi,0.00501966942101717,5,1,xvid
605,tv_newapi,v_SoccerJuggling_g23_c01.avi,0.0045113395899534225,5,1,xvid
606,decord,v_SoccerJuggling_g23_c01.avi,0.008401952683925629,5,1,xvid
607,torchaudio,v_SoccerJuggling_g23_c01.avi,0.0876631261780858,5,1,xvid
608,pyav,v_SoccerJuggling_g23_c01.avi,0.008319677785038948,10,1,xvid
609,tv_newapi,v_SoccerJuggling_g23_c01.avi,0.006655091419816017,10,1,xvid
610,decord,v_SoccerJuggling_g23_c01.avi,0.010745357722043991,10,1,xvid
611,torchaudio,v_SoccerJuggling_g23_c01.avi,0.09021587204188108,10,1,xvid
612,pyav,R6llTwEh07w.avi,0.0034785177558660507,1,1,xvid
613,tv_newapi,R6llTwEh07w.avi,0.0045595793053507805,1,1,xvid
614,decord,R6llTwEh07w.avi,0.005320260301232338,1,1,xvid
615,torchaudio,R6llTwEh07w.avi,0.12857214733958244,1,1,xvid
616,pyav,R6llTwEh07w.avi,0.006610224023461342,5,1,xvid
617,tv_newapi,R6llTwEh07w.avi,0.007447551004588604,5,1,xvid
618,decord,R6llTwEh07w.avi,0.008199093863368034,5,1,xvid
619,torchaudio,R6llTwEh07w.avi,0.1339200884103775,5,1,xvid
620,pyav,R6llTwEh07w.avi,0.01006038673222065,10,1,xvid
621,tv_newapi,R6llTwEh07w.avi,0.009041383862495422,10,1,xvid
622,decord,R6llTwEh07w.avi,0.011957746930420399,10,1,xvid
623,torchaudio,R6llTwEh07w.avi,0.1373441219329834,10,1,xvid
624,pyav,SchoolRulesHowTheyHelpUs_wave_f_nm_np1_ba_med_0.avi,0.0012503685429692268,1,1,xvid
625,tv_newapi,SchoolRulesHowTheyHelpUs_wave_f_nm_np1_ba_med_0.avi,0.001504926010966301,1,1,xvid
626,decord,SchoolRulesHowTheyHelpUs_wave_f_nm_np1_ba_med_0.avi,0.003885374404489994,1,1,xvid
627,torchaudio,SchoolRulesHowTheyHelpUs_wave_f_nm_np1_ba_med_0.avi,0.011086544021964073,1,1,xvid
628,pyav,SchoolRulesHowTheyHelpUs_wave_f_nm_np1_ba_med_0.avi,0.0028728460893034935,5,1,xvid
629,tv_newapi,SchoolRulesHowTheyHelpUs_wave_f_nm_np1_ba_med_0.avi,0.002596176229417324,5,1,xvid
630,decord,SchoolRulesHowTheyHelpUs_wave_f_nm_np1_ba_med_0.avi,0.0049409689381718636,5,1,xvid
631,torchaudio,SchoolRulesHowTheyHelpUs_wave_f_nm_np1_ba_med_0.avi,0.013090466149151325,5,1,xvid
632,pyav,SchoolRulesHowTheyHelpUs_wave_f_nm_np1_ba_med_0.avi,0.005064662545919418,10,1,xvid
633,tv_newapi,SchoolRulesHowTheyHelpUs_wave_f_nm_np1_ba_med_0.avi,0.004052329808473587,10,1,xvid
634,decord,SchoolRulesHowTheyHelpUs_wave_f_nm_np1_ba_med_0.avi,0.006366712972521782,10,1,xvid
635,torchaudio,SchoolRulesHowTheyHelpUs_wave_f_nm_np1_ba_med_0.avi,0.01607619598507881,10,1,xvid
636,pyav,SOX5yA1l24A.avi,0.0021304236724972725,1,1,xvid
637,tv_newapi,SOX5yA1l24A.avi,0.003752828575670719,1,1,xvid
638,decord,SOX5yA1l24A.avi,0.006288469769060612,1,1,xvid
639,torchaudio,SOX5yA1l24A.avi,0.08454621862620115,1,1,xvid
640,pyav,SOX5yA1l24A.avi,0.004979771561920643,5,1,xvid
641,tv_newapi,SOX5yA1l24A.avi,0.005630088970065117,5,1,xvid
642,decord,SOX5yA1l24A.avi,0.009131203405559063,5,1,xvid
643,torchaudio,SOX5yA1l24A.avi,0.08842388447374105,5,1,xvid
644,pyav,SOX5yA1l24A.avi,0.008717626333236694,10,1,xvid
645,tv_newapi,SOX5yA1l24A.avi,0.007910086773335934,10,1,xvid
646,decord,SOX5yA1l24A.avi,0.013065116479992867,10,1,xvid
647,torchaudio,SOX5yA1l24A.avi,0.09302725363522768,10,1,xvid
648,pyav,WUzgd7C1pWA.avi,0.003072093240916729,1,1,xvid
649,tv_newapi,WUzgd7C1pWA.avi,0.005299345590174198,1,1,xvid
650,decord,WUzgd7C1pWA.avi,0.007344556041061878,1,1,xvid
651,torchaudio,WUzgd7C1pWA.avi,0.15596091374754906,1,1,xvid
652,pyav,WUzgd7C1pWA.avi,0.005850336514413357,5,1,xvid
653,tv_newapi,WUzgd7C1pWA.avi,0.007014638744294643,5,1,xvid
654,decord,WUzgd7C1pWA.avi,0.010267096571624279,5,1,xvid
655,torchaudio,WUzgd7C1pWA.avi,0.15904915798455477,5,1,xvid
656,pyav,WUzgd7C1pWA.avi,0.009186659939587116,10,1,xvid
657,tv_newapi,WUzgd7C1pWA.avi,0.009121814742684364,10,1,xvid
658,decord,WUzgd7C1pWA.avi,0.014356614090502262,10,1,xvid
659,torchaudio,WUzgd7C1pWA.avi,0.1638041641563177,10,1,xvid
660,pyav,RATRACE_wave_f_nm_np1_fr_goo_37.avi,0.0017546694725751877,1,1,xvid
661,tv_newapi,RATRACE_wave_f_nm_np1_fr_goo_37.avi,0.0019559357315301895,1,1,xvid
662,decord,RATRACE_wave_f_nm_np1_fr_goo_37.avi,0.004250804893672466,1,1,xvid
663,torchaudio,RATRACE_wave_f_nm_np1_fr_goo_37.avi,0.016837231814861298,1,1,xvid
664,pyav,RATRACE_wave_f_nm_np1_fr_goo_37.avi,0.003988743759691715,5,1,xvid
665,tv_newapi,RATRACE_wave_f_nm_np1_fr_goo_37.avi,0.003567376174032688,5,1,xvid
666,decord,RATRACE_wave_f_nm_np1_fr_goo_37.avi,0.00657828152179718,5,1,xvid
667,torchaudio,RATRACE_wave_f_nm_np1_fr_goo_37.avi,0.020214504562318325,5,1,xvid
668,pyav,RATRACE_wave_f_nm_np1_fr_goo_37.avi,0.006772850640118122,10,1,xvid
669,tv_newapi,RATRACE_wave_f_nm_np1_fr_goo_37.avi,0.005900179967284203,10,1,xvid
670,decord,RATRACE_wave_f_nm_np1_fr_goo_37.avi,0.009879854507744312,10,1,xvid
671,torchaudio,RATRACE_wave_f_nm_np1_fr_goo_37.avi,0.024629132822155952,10,1,xvid
672,pyav,TrumanShow_wave_f_nm_np1_fr_med_26.avi,0.0013015512377023697,1,4,xvid
673,tv_newapi,TrumanShow_wave_f_nm_np1_fr_med_26.avi,0.0019543832167983055,1,4,xvid
674,decord,TrumanShow_wave_f_nm_np1_fr_med_26.avi,0.003404427319765091,1,4,xvid
675,torchaudio,TrumanShow_wave_f_nm_np1_fr_med_26.avi,0.004274827428162098,1,4,xvid
676,pyav,TrumanShow_wave_f_nm_np1_fr_med_26.avi,0.003367338329553604,5,4,xvid
677,tv_newapi,TrumanShow_wave_f_nm_np1_fr_med_26.avi,0.00318741612136364,5,4,xvid
678,decord,TrumanShow_wave_f_nm_np1_fr_med_26.avi,0.005535581149160862,5,4,xvid
679,torchaudio,TrumanShow_wave_f_nm_np1_fr_med_26.avi,0.006494300439953804,5,4,xvid
680,pyav,TrumanShow_wave_f_nm_np1_fr_med_26.avi,0.005675692111253738,10,4,xvid
681,tv_newapi,TrumanShow_wave_f_nm_np1_fr_med_26.avi,0.004793761298060417,10,4,xvid
682,decord,TrumanShow_wave_f_nm_np1_fr_med_26.avi,0.008317463099956512,10,4,xvid
683,torchaudio,TrumanShow_wave_f_nm_np1_fr_med_26.avi,0.010238862596452236,10,4,xvid
684,pyav,v_SoccerJuggling_g24_c01.avi,0.0017746565863490105,1,4,xvid
685,tv_newapi,v_SoccerJuggling_g24_c01.avi,0.004139957949519157,1,4,xvid
686,decord,v_SoccerJuggling_g24_c01.avi,0.006090086884796619,1,4,xvid
687,torchaudio,v_SoccerJuggling_g24_c01.avi,0.03415807243436575,1,4,xvid
688,pyav,v_SoccerJuggling_g24_c01.avi,0.003883145749568939,5,4,xvid
689,tv_newapi,v_SoccerJuggling_g24_c01.avi,0.0058702994138002396,5,4,xvid
690,decord,v_SoccerJuggling_g24_c01.avi,0.007552638649940491,5,4,xvid
691,torchaudio,v_SoccerJuggling_g24_c01.avi,0.03747962974011898,5,4,xvid
692,pyav,v_SoccerJuggling_g24_c01.avi,0.00701094139367342,10,4,xvid
693,tv_newapi,v_SoccerJuggling_g24_c01.avi,0.007475436665117741,10,4,xvid
694,decord,v_SoccerJuggling_g24_c01.avi,0.010203839279711246,10,4,xvid
695,torchaudio,v_SoccerJuggling_g24_c01.avi,0.04102163203060627,10,4,xvid
696,pyav,v_SoccerJuggling_g23_c01.avi,0.001969190314412117,1,4,xvid
697,tv_newapi,v_SoccerJuggling_g23_c01.avi,0.004143903031945229,1,4,xvid
698,decord,v_SoccerJuggling_g23_c01.avi,0.005745035596191883,1,4,xvid
699,torchaudio,v_SoccerJuggling_g23_c01.avi,0.051348600536584854,1,4,xvid
700,pyav,v_SoccerJuggling_g23_c01.avi,0.004489505663514137,5,4,xvid
701,tv_newapi,v_SoccerJuggling_g23_c01.avi,0.006060274317860603,5,4,xvid
702,decord,v_SoccerJuggling_g23_c01.avi,0.007330991327762604,5,4,xvid
703,torchaudio,v_SoccerJuggling_g23_c01.avi,0.05405332986265421,5,4,xvid
704,pyav,v_SoccerJuggling_g23_c01.avi,0.00744252372533083,10,4,xvid
705,tv_newapi,v_SoccerJuggling_g23_c01.avi,0.007601212710142136,10,4,xvid
706,decord,v_SoccerJuggling_g23_c01.avi,0.009731450118124485,10,4,xvid
707,torchaudio,v_SoccerJuggling_g23_c01.avi,0.05846303142607212,10,4,xvid
708,pyav,R6llTwEh07w.avi,0.003669227473437786,1,4,xvid
709,tv_newapi,R6llTwEh07w.avi,0.005647440440952778,1,4,xvid
710,decord,R6llTwEh07w.avi,0.005589218810200691,1,4,xvid
711,torchaudio,R6llTwEh07w.avi,0.13758248277008533,1,4,xvid
712,pyav,R6llTwEh07w.avi,0.006206566467881203,5,4,xvid
713,tv_newapi,R6llTwEh07w.avi,0.006974278017878532,5,4,xvid
714,decord,R6llTwEh07w.avi,0.008424085564911366,5,4,xvid
715,torchaudio,R6llTwEh07w.avi,0.14100436959415674,5,4,xvid
716,pyav,R6llTwEh07w.avi,0.009738245978951454,10,4,xvid
717,tv_newapi,R6llTwEh07w.avi,0.009056505747139454,10,4,xvid
718,decord,R6llTwEh07w.avi,0.011890859343111515,10,4,xvid
719,torchaudio,R6llTwEh07w.avi,0.1457646880298853,10,4,xvid
720,pyav,SchoolRulesHowTheyHelpUs_wave_f_nm_np1_ba_med_0.avi,0.0012272065505385399,1,4,xvid
721,tv_newapi,SchoolRulesHowTheyHelpUs_wave_f_nm_np1_ba_med_0.avi,0.0024089068174362183,1,4,xvid
722,decord,SchoolRulesHowTheyHelpUs_wave_f_nm_np1_ba_med_0.avi,0.0037522558122873306,1,4,xvid
723,torchaudio,SchoolRulesHowTheyHelpUs_wave_f_nm_np1_ba_med_0.avi,0.011064106598496437,1,4,xvid
724,pyav,SchoolRulesHowTheyHelpUs_wave_f_nm_np1_ba_med_0.avi,0.0029037613421678543,5,4,xvid
725,tv_newapi,SchoolRulesHowTheyHelpUs_wave_f_nm_np1_ba_med_0.avi,0.0033776666969060898,5,4,xvid
726,decord,SchoolRulesHowTheyHelpUs_wave_f_nm_np1_ba_med_0.avi,0.00489241536706686,5,4,xvid
727,torchaudio,SchoolRulesHowTheyHelpUs_wave_f_nm_np1_ba_med_0.avi,0.013254108838737011,5,4,xvid
728,pyav,SchoolRulesHowTheyHelpUs_wave_f_nm_np1_ba_med_0.avi,0.005070962943136692,10,4,xvid
729,tv_newapi,SchoolRulesHowTheyHelpUs_wave_f_nm_np1_ba_med_0.avi,0.004615693353116512,10,4,xvid
730,decord,SchoolRulesHowTheyHelpUs_wave_f_nm_np1_ba_med_0.avi,0.006282715126872063,10,4,xvid
731,torchaudio,SchoolRulesHowTheyHelpUs_wave_f_nm_np1_ba_med_0.avi,0.016047542914748192,10,4,xvid
732,pyav,SOX5yA1l24A.avi,0.0026361895725131035,1,4,xvid
733,tv_newapi,SOX5yA1l24A.avi,0.005538576282560825,1,4,xvid
734,decord,SOX5yA1l24A.avi,0.0064179552718997,1,4,xvid
735,torchaudio,SOX5yA1l24A.avi,0.07566262409090996,1,4,xvid
736,pyav,SOX5yA1l24A.avi,0.00561330933123827,5,4,xvid
737,tv_newapi,SOX5yA1l24A.avi,0.006897551938891411,5,4,xvid
738,decord,SOX5yA1l24A.avi,0.009487194009125233,5,4,xvid
739,torchaudio,SOX5yA1l24A.avi,0.0791101148352027,5,4,xvid
740,pyav,SOX5yA1l24A.avi,0.009092205204069614,10,4,xvid
741,tv_newapi,SOX5yA1l24A.avi,0.008770468644797802,10,4,xvid
742,decord,SOX5yA1l24A.avi,0.01336580142378807,10,4,xvid
743,torchaudio,SOX5yA1l24A.avi,0.08471715729683638,10,4,xvid
744,pyav,WUzgd7C1pWA.avi,0.002956567332148552,1,4,xvid
745,tv_newapi,WUzgd7C1pWA.avi,0.005908786319196224,1,4,xvid
746,decord,WUzgd7C1pWA.avi,0.007304285652935505,1,4,xvid
747,torchaudio,WUzgd7C1pWA.avi,0.07781446352601051,1,4,xvid
748,pyav,WUzgd7C1pWA.avi,0.0058041587471961975,5,4,xvid
749,tv_newapi,WUzgd7C1pWA.avi,0.007463427260518074,5,4,xvid
750,decord,WUzgd7C1pWA.avi,0.01002503838390112,5,4,xvid
751,torchaudio,WUzgd7C1pWA.avi,0.08177334535866976,5,4,xvid
752,pyav,WUzgd7C1pWA.avi,0.00948254857212305,10,4,xvid
753,tv_newapi,WUzgd7C1pWA.avi,0.00915612280368805,10,4,xvid
754,decord,WUzgd7C1pWA.avi,0.014196052215993404,10,4,xvid
755,torchaudio,WUzgd7C1pWA.avi,0.08635194785892963,10,4,xvid
756,pyav,RATRACE_wave_f_nm_np1_fr_goo_37.avi,0.0017617493867874146,1,4,xvid
757,tv_newapi,RATRACE_wave_f_nm_np1_fr_goo_37.avi,0.0026938458904623985,1,4,xvid
758,decord,RATRACE_wave_f_nm_np1_fr_goo_37.avi,0.004091224633157253,1,4,xvid
759,torchaudio,RATRACE_wave_f_nm_np1_fr_goo_37.avi,0.016519074328243732,1,4,xvid
760,pyav,RATRACE_wave_f_nm_np1_fr_goo_37.avi,0.003951388411223888,5,4,xvid
761,tv_newapi,RATRACE_wave_f_nm_np1_fr_goo_37.avi,0.0045749228447675705,5,4,xvid
762,decord,RATRACE_wave_f_nm_np1_fr_goo_37.avi,0.007084564305841923,5,4,xvid
763,torchaudio,RATRACE_wave_f_nm_np1_fr_goo_37.avi,0.019849061034619808,5,4,xvid
764,pyav,RATRACE_wave_f_nm_np1_fr_goo_37.avi,0.006802663207054138,10,4,xvid
765,tv_newapi,RATRACE_wave_f_nm_np1_fr_goo_37.avi,0.00580891128629446,10,4,xvid
766,decord,RATRACE_wave_f_nm_np1_fr_goo_37.avi,0.010183097794651985,10,4,xvid
767,torchaudio,RATRACE_wave_f_nm_np1_fr_goo_37.avi,0.024766575545072556,10,4,xvid
768,pyav,TrumanShow_wave_f_nm_np1_fr_med_26.avi,0.0012963097542524338,1,8,xvid
769,tv_newapi,TrumanShow_wave_f_nm_np1_fr_med_26.avi,0.003413398750126362,1,8,xvid
770,decord,TrumanShow_wave_f_nm_np1_fr_med_26.avi,0.0032626353204250336,1,8,xvid
771,torchaudio,TrumanShow_wave_f_nm_np1_fr_med_26.avi,0.003490122966468334,1,8,xvid
772,pyav,TrumanShow_wave_f_nm_np1_fr_med_26.avi,0.0034026671200990677,5,8,xvid
773,tv_newapi,TrumanShow_wave_f_nm_np1_fr_med_26.avi,0.004792425781488419,5,8,xvid
774,decord,TrumanShow_wave_f_nm_np1_fr_med_26.avi,0.00538204051554203,5,8,xvid
775,torchaudio,TrumanShow_wave_f_nm_np1_fr_med_26.avi,0.006572175770998001,5,8,xvid
776,pyav,TrumanShow_wave_f_nm_np1_fr_med_26.avi,0.00570520106703043,10,8,xvid
777,tv_newapi,TrumanShow_wave_f_nm_np1_fr_med_26.avi,0.006016518920660019,10,8,xvid
778,decord,TrumanShow_wave_f_nm_np1_fr_med_26.avi,0.008444763720035553,10,8,xvid
779,torchaudio,TrumanShow_wave_f_nm_np1_fr_med_26.avi,0.010191589593887329,10,8,xvid
780,pyav,v_SoccerJuggling_g24_c01.avi,0.002845514565706253,1,8,xvid
781,tv_newapi,v_SoccerJuggling_g24_c01.avi,0.005852364003658295,1,8,xvid
782,decord,v_SoccerJuggling_g24_c01.avi,0.006773620843887329,1,8,xvid
783,torchaudio,v_SoccerJuggling_g24_c01.avi,0.05012147966772318,1,8,xvid
784,pyav,v_SoccerJuggling_g24_c01.avi,0.005060645751655102,5,8,xvid
785,tv_newapi,v_SoccerJuggling_g24_c01.avi,0.007145865820348263,5,8,xvid
786,decord,v_SoccerJuggling_g24_c01.avi,0.008115170523524284,5,8,xvid
787,torchaudio,v_SoccerJuggling_g24_c01.avi,0.05290225427597761,5,8,xvid
788,pyav,v_SoccerJuggling_g24_c01.avi,0.007544869557023048,10,8,xvid
789,tv_newapi,v_SoccerJuggling_g24_c01.avi,0.008587567135691643,10,8,xvid
790,decord,v_SoccerJuggling_g24_c01.avi,0.02539660967886448,10,8,xvid
791,torchaudio,v_SoccerJuggling_g24_c01.avi,0.057106344029307365,10,8,xvid
792,pyav,v_SoccerJuggling_g23_c01.avi,0.0024586375802755356,1,8,xvid
793,tv_newapi,v_SoccerJuggling_g23_c01.avi,0.005675234831869602,1,8,xvid
794,decord,v_SoccerJuggling_g23_c01.avi,0.005835886113345623,1,8,xvid
795,torchaudio,v_SoccerJuggling_g23_c01.avi,0.06197576783597469,1,8,xvid
796,pyav,v_SoccerJuggling_g23_c01.avi,0.004810011945664883,5,8,xvid
797,tv_newapi,v_SoccerJuggling_g23_c01.avi,0.006655905395746231,5,8,xvid
798,decord,v_SoccerJuggling_g23_c01.avi,0.006572922691702843,5,8,xvid
799,torchaudio,v_SoccerJuggling_g23_c01.avi,0.06256628315895796,5,8,xvid
800,pyav,v_SoccerJuggling_g23_c01.avi,0.007949749939143658,10,8,xvid
801,tv_newapi,v_SoccerJuggling_g23_c01.avi,0.008421081118285656,10,8,xvid
802,decord,v_SoccerJuggling_g23_c01.avi,0.008971481584012508,10,8,xvid
803,torchaudio,v_SoccerJuggling_g23_c01.avi,0.06956666894257069,10,8,xvid
804,pyav,R6llTwEh07w.avi,0.0037537720054388046,1,8,xvid
805,tv_newapi,R6llTwEh07w.avi,0.006515887565910816,1,8,xvid
806,decord,R6llTwEh07w.avi,0.004884012974798679,1,8,xvid
807,torchaudio,R6llTwEh07w.avi,0.0917083015665412,1,8,xvid
808,pyav,R6llTwEh07w.avi,0.006444951519370079,5,8,xvid
809,tv_newapi,R6llTwEh07w.avi,0.009046247228980064,5,8,xvid
810,decord,R6llTwEh07w.avi,0.007668973878026009,5,8,xvid
811,torchaudio,R6llTwEh07w.avi,0.09078575018793344,5,8,xvid
812,pyav,R6llTwEh07w.avi,0.010067799128592014,10,8,xvid
813,tv_newapi,R6llTwEh07w.avi,0.010442579165101051,10,8,xvid
814,decord,R6llTwEh07w.avi,0.011142581701278687,10,8,xvid
815,torchaudio,R6llTwEh07w.avi,0.09783505648374557,10,8,xvid
816,pyav,SchoolRulesHowTheyHelpUs_wave_f_nm_np1_ba_med_0.avi,0.0012571252882480621,1,8,xvid
817,tv_newapi,SchoolRulesHowTheyHelpUs_wave_f_nm_np1_ba_med_0.avi,0.0038194842636585236,1,8,xvid
818,decord,SchoolRulesHowTheyHelpUs_wave_f_nm_np1_ba_med_0.avi,0.0037889424711465836,1,8,xvid
819,torchaudio,SchoolRulesHowTheyHelpUs_wave_f_nm_np1_ba_med_0.avi,0.011147581972181797,1,8,xvid
820,pyav,SchoolRulesHowTheyHelpUs_wave_f_nm_np1_ba_med_0.avi,0.0028962083160877228,5,8,xvid
821,tv_newapi,SchoolRulesHowTheyHelpUs_wave_f_nm_np1_ba_med_0.avi,0.004323537461459637,5,8,xvid
822,decord,SchoolRulesHowTheyHelpUs_wave_f_nm_np1_ba_med_0.avi,0.004488362930715084,5,8,xvid
823,torchaudio,SchoolRulesHowTheyHelpUs_wave_f_nm_np1_ba_med_0.avi,0.013247521594166756,5,8,xvid
824,pyav,SchoolRulesHowTheyHelpUs_wave_f_nm_np1_ba_med_0.avi,0.005100424401462078,10,8,xvid
825,tv_newapi,SchoolRulesHowTheyHelpUs_wave_f_nm_np1_ba_med_0.avi,0.0056380294263362885,10,8,xvid
826,decord,SchoolRulesHowTheyHelpUs_wave_f_nm_np1_ba_med_0.avi,0.0059670815244317055,10,8,xvid
827,torchaudio,SchoolRulesHowTheyHelpUs_wave_f_nm_np1_ba_med_0.avi,0.01618752721697092,10,8,xvid
828,pyav,SOX5yA1l24A.avi,0.002799645997583866,1,8,xvid
829,tv_newapi,SOX5yA1l24A.avi,0.007007329724729061,1,8,xvid
830,decord,SOX5yA1l24A.avi,0.006114429794251919,1,8,xvid
831,torchaudio,SOX5yA1l24A.avi,0.06766181346029043,1,8,xvid
832,pyav,SOX5yA1l24A.avi,0.005864019505679607,5,8,xvid
833,tv_newapi,SOX5yA1l24A.avi,0.008427584543824196,5,8,xvid
834,decord,SOX5yA1l24A.avi,0.009224643930792809,5,8,xvid
835,torchaudio,SOX5yA1l24A.avi,0.07255377899855375,5,8,xvid
836,pyav,SOX5yA1l24A.avi,0.00931739341467619,10,8,xvid
837,tv_newapi,SOX5yA1l24A.avi,0.010025834664702415,10,8,xvid
838,decord,SOX5yA1l24A.avi,0.012622008100152016,10,8,xvid
839,torchaudio,SOX5yA1l24A.avi,0.07825135625898838,10,8,xvid
840,pyav,WUzgd7C1pWA.avi,0.003211204893887043,1,8,xvid
841,tv_newapi,WUzgd7C1pWA.avi,0.008077404461801052,1,8,xvid
842,decord,WUzgd7C1pWA.avi,0.007162786088883877,1,8,xvid
843,torchaudio,WUzgd7C1pWA.avi,0.14027650840580463,1,8,xvid
844,pyav,WUzgd7C1pWA.avi,0.006127921864390373,5,8,xvid
845,tv_newapi,WUzgd7C1pWA.avi,0.00914335809648037,5,8,xvid
846,decord,WUzgd7C1pWA.avi,0.010484553873538971,5,8,xvid
847,torchaudio,WUzgd7C1pWA.avi,0.14472074154764414,5,8,xvid
848,pyav,WUzgd7C1pWA.avi,0.009719088673591614,10,8,xvid
849,tv_newapi,WUzgd7C1pWA.avi,0.011048024520277977,10,8,xvid
850,decord,WUzgd7C1pWA.avi,0.013192790560424328,10,8,xvid
851,torchaudio,WUzgd7C1pWA.avi,0.14770310930907726,10,8,xvid
852,pyav,RATRACE_wave_f_nm_np1_fr_goo_37.avi,0.001744731329381466,1,8,xvid
853,tv_newapi,RATRACE_wave_f_nm_np1_fr_goo_37.avi,0.0039800312370061874,1,8,xvid
854,decord,RATRACE_wave_f_nm_np1_fr_goo_37.avi,0.003935215994715691,1,8,xvid
855,torchaudio,RATRACE_wave_f_nm_np1_fr_goo_37.avi,0.01662753988057375,1,8,xvid
856,pyav,RATRACE_wave_f_nm_np1_fr_goo_37.avi,0.003971502184867859,5,8,xvid
857,tv_newapi,RATRACE_wave_f_nm_np1_fr_goo_37.avi,0.005051672458648682,5,8,xvid
858,decord,RATRACE_wave_f_nm_np1_fr_goo_37.avi,0.006764278747141361,5,8,xvid
859,torchaudio,RATRACE_wave_f_nm_np1_fr_goo_37.avi,0.020146740600466728,5,8,xvid
860,pyav,RATRACE_wave_f_nm_np1_fr_goo_37.avi,0.006889287382364273,10,8,xvid
861,tv_newapi,RATRACE_wave_f_nm_np1_fr_goo_37.avi,0.006616624072194099,10,8,xvid
862,decord,RATRACE_wave_f_nm_np1_fr_goo_37.avi,0.008168905042111874,10,8,xvid
863,torchaudio,RATRACE_wave_f_nm_np1_fr_goo_37.avi,0.025206660851836205,10,8,xvid
